pdb_file,interface_rsm
sampled_1pdk_model_1_1pdk,0.0466545470857599
sampled_1pdk_model_10_1pdk,0.0280627140017548
sampled_1pdk_model_100_1pdk,0.0910566244928609
sampled_1pdk_model_101_1pdk,0.0902664771220509
sampled_1pdk_model_102_1pdk,0.0725586286837405
sampled_1pdk_model_103_1pdk,0.0893358160597451
sampled_1pdk_model_104_1pdk,0.0914578441231737
sampled_1pdk_model_105_1pdk,0.0588740440781948
sampled_1pdk_model_106_1pdk,0.0601545786181299
sampled_1pdk_model_107_1pdk,0.0604721397858043
sampled_1pdk_model_108_1pdk,0.0670015842202851
sampled_1pdk_model_109_1pdk,0.1178409682654845
sampled_1pdk_model_11_1pdk,0.038506703728109
sampled_1pdk_model_110_1pdk,0.0840338534493048
sampled_1pdk_model_111_1pdk,0.0604485735116395
sampled_1pdk_model_112_1pdk,0.0711977426283076
sampled_1pdk_model_113_1pdk,0.0830533126015144
sampled_1pdk_model_114_1pdk,0.0667324119420322
sampled_1pdk_model_115_1pdk,0.0637088780895428
sampled_1pdk_model_116_1pdk,0.0583828337071143
sampled_1pdk_model_117_1pdk,0.0703697728522464
sampled_1pdk_model_118_1pdk,0.0758780794743441
sampled_1pdk_model_119_1pdk,0.08227563383168
sampled_1pdk_model_12_1pdk,0.0518665651870064
sampled_1pdk_model_120_1pdk,0.0604537027286207
sampled_1pdk_model_121_1pdk,0.1199583319187777
sampled_1pdk_model_122_1pdk,0.0884807683634584
sampled_1pdk_model_123_1pdk,0.1118505434399014
sampled_1pdk_model_124_1pdk,0.0547812319370812
sampled_1pdk_model_125_1pdk,0.0770132290989115
sampled_1pdk_model_126_1pdk,0.0759511978309555
sampled_1pdk_model_127_1pdk,0.0740656302356705
sampled_1pdk_model_128_1pdk,0.0908337228267075
sampled_1pdk_model_129_1pdk,0.1256358638616309
sampled_1pdk_model_13_1pdk,0.0494859519434717
sampled_1pdk_model_130_1pdk,0.0603723283846183
sampled_1pdk_model_131_1pdk,0.0676814447581017
sampled_1pdk_model_132_1pdk,0.0615524957779218
sampled_1pdk_model_133_1pdk,0.0686962726508971
sampled_1pdk_model_134_1pdk,0.1042415430640538
sampled_1pdk_model_135_1pdk,0.1228304292708832
sampled_1pdk_model_136_1pdk,0.1100275436952785
sampled_1pdk_model_137_1pdk,0.0634427557070689
sampled_1pdk_model_138_1pdk,0.0716195077884767
sampled_1pdk_model_139_1pdk,0.0862371495287051
sampled_1pdk_model_14_1pdk,0.0617938120067393
sampled_1pdk_model_140_1pdk,0.0801329611657271
sampled_1pdk_model_141_1pdk,0.0655716096088301
sampled_1pdk_model_142_1pdk,0.1285797110966757
sampled_1pdk_model_143_1pdk,0.0867187096661543
sampled_1pdk_model_144_1pdk,0.0582521437644768
sampled_1pdk_model_145_1pdk,0.0852914549644192
sampled_1pdk_model_146_1pdk,0.1123480405816745
sampled_1pdk_model_147_1pdk,0.0615891148691359
sampled_1pdk_model_148_1pdk,0.10394682637279
sampled_1pdk_model_149_1pdk,0.0771874333513336
sampled_1pdk_model_15_1pdk,0.0670944837760272
sampled_1pdk_model_150_1pdk,0.115550106677006
sampled_1pdk_model_151_1pdk,0.1096358312875164
sampled_1pdk_model_152_1pdk,0.0730802653307048
sampled_1pdk_model_153_1pdk,0.1169936696617371
sampled_1pdk_model_154_1pdk,0.0569664872442221
sampled_1pdk_model_155_1pdk,0.1033862412338757
sampled_1pdk_model_156_1pdk,0.0807632627421726
sampled_1pdk_model_157_1pdk,0.1051786025263927
sampled_1pdk_model_158_1pdk,0.0935348648021059
sampled_1pdk_model_159_1pdk,0.0964800501849434
sampled_1pdk_model_16_1pdk,0.0515127359328671
sampled_1pdk_model_160_1pdk,0.083831186868017
sampled_1pdk_model_161_1pdk,0.1028039729738968
sampled_1pdk_model_162_1pdk,0.0870689425371368
sampled_1pdk_model_163_1pdk,0.079642614827054
sampled_1pdk_model_164_1pdk,0.0936604974452269
sampled_1pdk_model_165_1pdk,0.0830196547987062
sampled_1pdk_model_166_1pdk,0.0982021023426299
sampled_1pdk_model_167_1pdk,0.1046710450632556
sampled_1pdk_model_168_1pdk,0.092652254083775
sampled_1pdk_model_169_1pdk,0.0599880815062786
sampled_1pdk_model_17_1pdk,0.1029305815527718
sampled_1pdk_model_170_1pdk,0.1370684366107766
sampled_1pdk_model_171_1pdk,0.1032232249673208
sampled_1pdk_model_172_1pdk,0.1213946107193777
sampled_1pdk_model_173_1pdk,0.078018763556061
sampled_1pdk_model_174_1pdk,0.0996236499718264
sampled_1pdk_model_175_1pdk,0.0992013549710358
sampled_1pdk_model_176_1pdk,0.0864565304843892
sampled_1pdk_model_177_1pdk,0.0879770998047689
sampled_1pdk_model_178_1pdk,0.1053688555229433
sampled_1pdk_model_179_1pdk,0.0962235706298153
sampled_1pdk_model_18_1pdk,0.0392958904326843
sampled_1pdk_model_180_1pdk,0.0979135217890452
sampled_1pdk_model_181_1pdk,0.0704623359261345
sampled_1pdk_model_182_1pdk,0.0705881749923896
sampled_1pdk_model_183_1pdk,0.0994348269546741
sampled_1pdk_model_184_1pdk,0.0997512275479376
sampled_1pdk_model_185_1pdk,0.0987809704736599
sampled_1pdk_model_186_1pdk,0.0962159063377134
sampled_1pdk_model_187_1pdk,0.1016601547683115
sampled_1pdk_model_188_1pdk,0.0713328768246602
sampled_1pdk_model_189_1pdk,0.106546054371939
sampled_1pdk_model_19_1pdk,0.0496177421276655
sampled_1pdk_model_190_1pdk,0.1030498982031865
sampled_1pdk_model_191_1pdk,0.1007864541598751
sampled_1pdk_model_192_1pdk,0.0991947783579086
sampled_1pdk_model_193_1pdk,0.1199937062813915
sampled_1pdk_model_194_1pdk,0.0643221106609936
sampled_1pdk_model_195_1pdk,0.095322596738194
sampled_1pdk_model_196_1pdk,0.1059915728795362
sampled_1pdk_model_197_1pdk,0.1110410705574782
sampled_1pdk_model_198_1pdk,0.0701635900780608
sampled_1pdk_model_199_1pdk,0.0793290044175164
sampled_1pdk_model_2_1pdk,0.0521535808977191
sampled_1pdk_model_20_1pdk,0.0911189751780767
sampled_1pdk_model_200_1pdk,0.0924256785284813
sampled_1pdk_model_201_1pdk,0.1052880843721411
sampled_1pdk_model_202_1pdk,0.0954362376346494
sampled_1pdk_model_203_1pdk,0.0940234174533844
sampled_1pdk_model_204_1pdk,0.1071452597198683
sampled_1pdk_model_205_1pdk,0.0919350026924866
sampled_1pdk_model_206_1pdk,0.0567467354654237
sampled_1pdk_model_207_1pdk,0.0848195764381588
sampled_1pdk_model_208_1pdk,0.0795825000239108
sampled_1pdk_model_209_1pdk,0.1017965353703014
sampled_1pdk_model_21_1pdk,0.0406917805201082
sampled_1pdk_model_210_1pdk,0.0936151119548052
sampled_1pdk_model_211_1pdk,0.0953164320461292
sampled_1pdk_model_212_1pdk,0.0927177417379397
sampled_1pdk_model_213_1pdk,0.0965955875536558
sampled_1pdk_model_214_1pdk,0.0616742164574207
sampled_1pdk_model_215_1pdk,0.0770422504317359
sampled_1pdk_model_216_1pdk,0.094630898565811
sampled_1pdk_model_217_1pdk,0.1049151980408169
sampled_1pdk_model_218_1pdk,0.1019003031499037
sampled_1pdk_model_219_1pdk,0.1058485838240087
sampled_1pdk_model_22_1pdk,0.0439708578744416
sampled_1pdk_model_220_1pdk,0.0906667168329068
sampled_1pdk_model_221_1pdk,0.0937134160898675
sampled_1pdk_model_222_1pdk,0.097165107418416
sampled_1pdk_model_223_1pdk,0.0921044510757081
sampled_1pdk_model_224_1pdk,0.1123204454086811
sampled_1pdk_model_225_1pdk,0.0941812453854261
sampled_1pdk_model_226_1pdk,0.0930333621000651
sampled_1pdk_model_227_1pdk,0.1047365317747449
sampled_1pdk_model_228_1pdk,0.074368442130477
sampled_1pdk_model_229_1pdk,0.0874741424715577
sampled_1pdk_model_23_1pdk,0.0736482528470134
sampled_1pdk_model_230_1pdk,0.0959366519084197
sampled_1pdk_model_231_1pdk,0.0897816794795972
sampled_1pdk_model_232_1pdk,0.0948721487671804
sampled_1pdk_model_233_1pdk,0.0865137339973648
sampled_1pdk_model_234_1pdk,0.0961136626424931
sampled_1pdk_model_235_1pdk,0.0602350269459622
sampled_1pdk_model_236_1pdk,0.1107167525075733
sampled_1pdk_model_237_1pdk,0.1175141789490657
sampled_1pdk_model_238_1pdk,0.0888420564735262
sampled_1pdk_model_239_1pdk,0.1026300591806221
sampled_1pdk_model_24_1pdk,0.0740130455682241
sampled_1pdk_model_240_1pdk,0.0953970079628776
sampled_1pdk_model_241_1pdk,0.1090362924577451
sampled_1pdk_model_242_1pdk,0.0917436231719985
sampled_1pdk_model_243_1pdk,0.0953127964638584
sampled_1pdk_model_244_1pdk,0.0657888424918656
sampled_1pdk_model_245_1pdk,0.1011592783731942
sampled_1pdk_model_246_1pdk,0.1227469992629239
sampled_1pdk_model_247_1pdk,0.107426630671228
sampled_1pdk_model_248_1pdk,0.1025125513113148
sampled_1pdk_model_249_1pdk,0.0624082997164994
sampled_1pdk_model_25_1pdk,0.0388996735521072
sampled_1pdk_model_250_1pdk,0.0972768181543261
sampled_1pdk_model_251_1pdk,0.1039791196129169
sampled_1pdk_model_252_1pdk,0.1107811573449932
sampled_1pdk_model_253_1pdk,0.0942032885293733
sampled_1pdk_model_254_1pdk,0.0920094139367309
sampled_1pdk_model_255_1pdk,0.1163435027283835
sampled_1pdk_model_256_1pdk,0.1085795216178782
sampled_1pdk_model_257_1pdk,0.0953566041129663
sampled_1pdk_model_258_1pdk,0.1297591489554092
sampled_1pdk_model_259_1pdk,0.0821092759577487
sampled_1pdk_model_26_1pdk,0.0836474806132118
sampled_1pdk_model_260_1pdk,0.0886724225519964
sampled_1pdk_model_261_1pdk,0.0985191446831209
sampled_1pdk_model_262_1pdk,0.0952099165194567
sampled_1pdk_model_263_1pdk,0.1077022963643118
sampled_1pdk_model_264_1pdk,0.0945865860482588
sampled_1pdk_model_265_1pdk,0.1047655905173784
sampled_1pdk_model_266_1pdk,0.1256305938625229
sampled_1pdk_model_267_1pdk,0.1125400344753643
sampled_1pdk_model_268_1pdk,0.1057895119374384
sampled_1pdk_model_269_1pdk,0.1012695932039147
sampled_1pdk_model_27_1pdk,0.0400446922497274
sampled_1pdk_model_270_1pdk,0.1030180707284002
sampled_1pdk_model_271_1pdk,0.0973396420840793
sampled_1pdk_model_272_1pdk,0.1224719916382863
sampled_1pdk_model_273_1pdk,0.0934457941100894
sampled_1pdk_model_274_1pdk,0.1081582799514139
sampled_1pdk_model_275_1pdk,0.0808427645891504
sampled_1pdk_model_276_1pdk,0.104070769472296
sampled_1pdk_model_277_1pdk,0.0979287496721621
sampled_1pdk_model_278_1pdk,0.0911854910182577
sampled_1pdk_model_279_1pdk,0.1082194741134686
sampled_1pdk_model_28_1pdk,0.0824055067832717
sampled_1pdk_model_280_1pdk,0.1306300623228886
sampled_1pdk_model_281_1pdk,0.1128291127048222
sampled_1pdk_model_282_1pdk,0.1144336459284161
sampled_1pdk_model_283_1pdk,0.0958910273792025
sampled_1pdk_model_284_1pdk,0.1074921474247807
sampled_1pdk_model_285_1pdk,0.1128725027149927
sampled_1pdk_model_286_1pdk,0.1305289824599558
sampled_1pdk_model_287_1pdk,0.101166166346336
sampled_1pdk_model_288_1pdk,0.0962597127170578
sampled_1pdk_model_289_1pdk,0.1098269601761297
sampled_1pdk_model_29_1pdk,0.1167886260011124
sampled_1pdk_model_290_1pdk,0.0939602006411072
sampled_1pdk_model_291_1pdk,0.091096286607673
sampled_1pdk_model_292_1pdk,0.1133536043608022
sampled_1pdk_model_293_1pdk,0.0684515693933373
sampled_1pdk_model_294_1pdk,0.1105254748599314
sampled_1pdk_model_295_1pdk,0.0960051706429995
sampled_1pdk_model_296_1pdk,0.1091127309749461
sampled_1pdk_model_297_1pdk,0.0984596510933665
sampled_1pdk_model_298_1pdk,0.1138964821294935
sampled_1pdk_model_299_1pdk,0.0874099038320588
sampled_1pdk_model_3_1pdk,0.082627290105741
sampled_1pdk_model_30_1pdk,0.0364886727005532
sampled_1pdk_model_300_1pdk,0.0671958994981541
sampled_1pdk_model_301_1pdk,0.1018350892574951
sampled_1pdk_model_302_1pdk,0.125022942708152
sampled_1pdk_model_303_1pdk,0.1107057614177958
sampled_1pdk_model_304_1pdk,0.0798307055214831
sampled_1pdk_model_305_1pdk,0.079516587624338
sampled_1pdk_model_306_1pdk,0.1406037165292248
sampled_1pdk_model_307_1pdk,0.1037584548881604
sampled_1pdk_model_308_1pdk,0.1159203605287696
sampled_1pdk_model_309_1pdk,0.0879597989089994
sampled_1pdk_model_31_1pdk,0.055693620027612
sampled_1pdk_model_310_1pdk,0.0759281943919766
sampled_1pdk_model_311_1pdk,0.1125783674402485
sampled_1pdk_model_312_1pdk,0.1244974285976264
sampled_1pdk_model_313_1pdk,0.1128644523951224
sampled_1pdk_model_314_1pdk,0.1052341312755758
sampled_1pdk_model_315_1pdk,0.0906315736802265
sampled_1pdk_model_316_1pdk,0.0729645369623901
sampled_1pdk_model_317_1pdk,0.1038909412780823
sampled_1pdk_model_318_1pdk,0.094022441681019
sampled_1pdk_model_319_1pdk,0.0842604679591226
sampled_1pdk_model_32_1pdk,0.0778111972689121
sampled_1pdk_model_320_1pdk,0.1063492660591657
sampled_1pdk_model_321_1pdk,0.109307549169214
sampled_1pdk_model_322_1pdk,0.1152952179998507
sampled_1pdk_model_323_1pdk,0.1231718998155252
sampled_1pdk_model_324_1pdk,0.097790613972461
sampled_1pdk_model_325_1pdk,0.1011105053631271
sampled_1pdk_model_326_1pdk,0.1140543202069113
sampled_1pdk_model_327_1pdk,0.0891877604568189
sampled_1pdk_model_328_1pdk,0.0920872070714221
sampled_1pdk_model_329_1pdk,0.115078260785752
sampled_1pdk_model_33_1pdk,0.0683676514655013
sampled_1pdk_model_330_1pdk,0.1052655193517064
sampled_1pdk_model_331_1pdk,0.0973867544525518
sampled_1pdk_model_332_1pdk,0.1448567975269606
sampled_1pdk_model_333_1pdk,0.074570085049019
sampled_1pdk_model_334_1pdk,0.0817401969265533
sampled_1pdk_model_335_1pdk,0.0715291154609861
sampled_1pdk_model_336_1pdk,0.1361969408015727
sampled_1pdk_model_337_1pdk,0.1137838919191906
sampled_1pdk_model_338_1pdk,0.0846126087016678
sampled_1pdk_model_339_1pdk,0.1160587780027633
sampled_1pdk_model_34_1pdk,0.060577663782002
sampled_1pdk_model_340_1pdk,0.1228678667066579
sampled_1pdk_model_341_1pdk,0.0830820803565093
sampled_1pdk_model_342_1pdk,0.115129339135186
sampled_1pdk_model_343_1pdk,0.1167208844294021
sampled_1pdk_model_344_1pdk,0.0954507744775493
sampled_1pdk_model_345_1pdk,0.1042637135569413
sampled_1pdk_model_346_1pdk,0.130640267807956
sampled_1pdk_model_347_1pdk,0.1213475652758908
sampled_1pdk_model_348_1pdk,0.0849992919365477
sampled_1pdk_model_349_1pdk,0.0876569474305422
sampled_1pdk_model_35_1pdk,0.0725455500090344
sampled_1pdk_model_350_1pdk,0.1010724795556942
sampled_1pdk_model_351_1pdk,0.1044748018173888
sampled_1pdk_model_352_1pdk,0.1128281081576111
sampled_1pdk_model_353_1pdk,0.107535137626592
sampled_1pdk_model_354_1pdk,0.1207178959859923
sampled_1pdk_model_355_1pdk,0.1135232923867328
sampled_1pdk_model_356_1pdk,0.0816800553885316
sampled_1pdk_model_357_1pdk,0.1182933285292758
sampled_1pdk_model_358_1pdk,0.0957249261436926
sampled_1pdk_model_359_1pdk,0.101958618192391
sampled_1pdk_model_36_1pdk,0.0410436087226993
sampled_1pdk_model_360_1pdk,0.1367467334317712
sampled_1pdk_model_361_1pdk,0.1494976614129146
sampled_1pdk_model_362_1pdk,0.127254994926431
sampled_1pdk_model_363_1pdk,0.101778445290748
sampled_1pdk_model_364_1pdk,0.1250124239549377
sampled_1pdk_model_365_1pdk,0.1124417759666351
sampled_1pdk_model_366_1pdk,0.1483335243973167
sampled_1pdk_model_367_1pdk,0.0981851966612794
sampled_1pdk_model_368_1pdk,0.1396216163054475
sampled_1pdk_model_369_1pdk,0.0876790499685245
sampled_1pdk_model_37_1pdk,0.0809654045589912
sampled_1pdk_model_370_1pdk,0.1187721108606706
sampled_1pdk_model_371_1pdk,0.1250848756287608
sampled_1pdk_model_372_1pdk,0.124955808472746
sampled_1pdk_model_373_1pdk,0.0951615161941682
sampled_1pdk_model_374_1pdk,0.0891605217527736
sampled_1pdk_model_375_1pdk,0.0966731681458933
sampled_1pdk_model_376_1pdk,0.0818404558509206
sampled_1pdk_model_377_1pdk,0.1111983206217748
sampled_1pdk_model_378_1pdk,0.1154558230955778
sampled_1pdk_model_379_1pdk,0.1123277293419893
sampled_1pdk_model_38_1pdk,0.0608890350329235
sampled_1pdk_model_380_1pdk,0.1417884821909399
sampled_1pdk_model_381_1pdk,0.0901922494933214
sampled_1pdk_model_382_1pdk,0.1081796059515813
sampled_1pdk_model_383_1pdk,0.1175624040501583
sampled_1pdk_model_384_1pdk,0.1395784294105097
sampled_1pdk_model_385_1pdk,0.1144206658733397
sampled_1pdk_model_386_1pdk,0.0912554768842963
sampled_1pdk_model_387_1pdk,0.1225828779354286
sampled_1pdk_model_388_1pdk,0.0949519825693048
sampled_1pdk_model_389_1pdk,0.0911790192437715
sampled_1pdk_model_39_1pdk,0.0439846830979278
sampled_1pdk_model_390_1pdk,0.0889963473890192
sampled_1pdk_model_391_1pdk,0.1457742790169681
sampled_1pdk_model_392_1pdk,0.1019669745588864
sampled_1pdk_model_393_1pdk,0.1065030845964923
sampled_1pdk_model_394_1pdk,0.1341895987455404
sampled_1pdk_model_395_1pdk,0.1420556399072174
sampled_1pdk_model_396_1pdk,0.135229440586578
sampled_1pdk_model_397_1pdk,0.1337820182431562
sampled_1pdk_model_398_1pdk,0.1083053162313344
sampled_1pdk_model_399_1pdk,0.094301354641716
sampled_1pdk_model_4_1pdk,0.0494880125626223
sampled_1pdk_model_40_1pdk,0.0389830404908777
sampled_1pdk_model_400_1pdk,0.1027906859141301
sampled_1pdk_model_401_1pdk,0.1080879840045416
sampled_1pdk_model_402_1pdk,0.1228981054818233
sampled_1pdk_model_403_1pdk,0.1370169802810111
sampled_1pdk_model_404_1pdk,0.1177336896525161
sampled_1pdk_model_405_1pdk,0.1284161379532341
sampled_1pdk_model_406_1pdk,0.1024029372300963
sampled_1pdk_model_407_1pdk,0.1162645510937044
sampled_1pdk_model_408_1pdk,0.1450869209270019
sampled_1pdk_model_409_1pdk,0.0941685910300298
sampled_1pdk_model_41_1pdk,0.0684590211674813
sampled_1pdk_model_410_1pdk,0.1186640278805627
sampled_1pdk_model_411_1pdk,0.1429261637586065
sampled_1pdk_model_412_1pdk,0.1326417618682639
sampled_1pdk_model_413_1pdk,0.0922894341201387
sampled_1pdk_model_414_1pdk,0.1481372054448813
sampled_1pdk_model_415_1pdk,0.1085626456037441
sampled_1pdk_model_416_1pdk,0.1238882527861085
sampled_1pdk_model_417_1pdk,0.1229188391873868
sampled_1pdk_model_418_1pdk,0.1384909618884433
sampled_1pdk_model_419_1pdk,0.1217780058141859
sampled_1pdk_model_42_1pdk,0.0458630700753742
sampled_1pdk_model_420_1pdk,0.1337531310794978
sampled_1pdk_model_421_1pdk,0.1169850136460188
sampled_1pdk_model_422_1pdk,0.089649687961498
sampled_1pdk_model_423_1pdk,0.1211831457703722
sampled_1pdk_model_424_1pdk,0.1169351031014114
sampled_1pdk_model_425_1pdk,0.1062575702214254
sampled_1pdk_model_426_1pdk,0.140834444329099
sampled_1pdk_model_427_1pdk,0.1158282819353961
sampled_1pdk_model_428_1pdk,0.129497836785424
sampled_1pdk_model_429_1pdk,0.1394195304448111
sampled_1pdk_model_43_1pdk,0.0527928269680496
sampled_1pdk_model_430_1pdk,0.1372592327787988
sampled_1pdk_model_431_1pdk,0.1256338943661338
sampled_1pdk_model_432_1pdk,0.1273981813322975
sampled_1pdk_model_433_1pdk,0.1074941826093953
sampled_1pdk_model_434_1pdk,0.1199835798257436
sampled_1pdk_model_435_1pdk,0.1360731823600569
sampled_1pdk_model_436_1pdk,0.1078289505721147
sampled_1pdk_model_437_1pdk,0.1484698668013163
sampled_1pdk_model_438_1pdk,0.1188310257833779
sampled_1pdk_model_439_1pdk,0.0957400331282295
sampled_1pdk_model_44_1pdk,0.0403314072261744
sampled_1pdk_model_440_1pdk,0.1053584827243429
sampled_1pdk_model_441_1pdk,0.099813061486834
sampled_1pdk_model_442_1pdk,0.1147354723353409
sampled_1pdk_model_443_1pdk,0.1242823948618294
sampled_1pdk_model_444_1pdk,0.0948289980545171
sampled_1pdk_model_445_1pdk,0.1308122008952499
sampled_1pdk_model_446_1pdk,0.1025849680765337
sampled_1pdk_model_447_1pdk,0.138678047370243
sampled_1pdk_model_448_1pdk,0.1225707730098778
sampled_1pdk_model_449_1pdk,0.1166668937432061
sampled_1pdk_model_45_1pdk,0.0239112488055328
sampled_1pdk_model_450_1pdk,0.1075053249120859
sampled_1pdk_model_451_1pdk,0.1313724763369473
sampled_1pdk_model_452_1pdk,0.1212272522394683
sampled_1pdk_model_453_1pdk,0.1073489503611756
sampled_1pdk_model_454_1pdk,0.1259822740031879
sampled_1pdk_model_455_1pdk,0.098601657976234
sampled_1pdk_model_456_1pdk,0.1360635476723308
sampled_1pdk_model_457_1pdk,0.143934756329169
sampled_1pdk_model_458_1pdk,0.1519543509353187
sampled_1pdk_model_459_1pdk,0.1506269905995284
sampled_1pdk_model_46_1pdk,0.0610671664426766
sampled_1pdk_model_460_1pdk,0.1184075871875943
sampled_1pdk_model_461_1pdk,0.1489008954968946
sampled_1pdk_model_462_1pdk,0.1458141229364773
sampled_1pdk_model_463_1pdk,0.1320162862217226
sampled_1pdk_model_464_1pdk,0.1439142479954544
sampled_1pdk_model_465_1pdk,0.1119136939971828
sampled_1pdk_model_466_1pdk,0.1013085386779342
sampled_1pdk_model_467_1pdk,0.136483735543345
sampled_1pdk_model_468_1pdk,0.1183109325787978
sampled_1pdk_model_469_1pdk,0.1240906839085983
sampled_1pdk_model_47_1pdk,0.0577790126806542
sampled_1pdk_model_470_1pdk,0.145480430375697
sampled_1pdk_model_471_1pdk,0.1281543030219854
sampled_1pdk_model_472_1pdk,0.1127743980272724
sampled_1pdk_model_473_1pdk,0.1207970527221866
sampled_1pdk_model_474_1pdk,0.1252104178322277
sampled_1pdk_model_475_1pdk,0.1479905832168059
sampled_1pdk_model_476_1pdk,0.1184372997584619
sampled_1pdk_model_477_1pdk,0.1059532056597851
sampled_1pdk_model_478_1pdk,0.1221583928887464
sampled_1pdk_model_479_1pdk,0.1429173936080175
sampled_1pdk_model_48_1pdk,0.0588401649051355
sampled_1pdk_model_480_1pdk,0.1185607932398996
sampled_1pdk_model_481_1pdk,0.1329399781958246
sampled_1pdk_model_482_1pdk,0.1336712550923166
sampled_1pdk_model_483_1pdk,0.1131476163773883
sampled_1pdk_model_484_1pdk,0.1388919384804856
sampled_1pdk_model_485_1pdk,0.0982807578970408
sampled_1pdk_model_486_1pdk,0.1124274051335026
sampled_1pdk_model_487_1pdk,0.1392367811761306
sampled_1pdk_model_488_1pdk,0.1356386217932781
sampled_1pdk_model_489_1pdk,0.125362008215534
sampled_1pdk_model_49_1pdk,0.0379462805401583
sampled_1pdk_model_490_1pdk,0.1276446155883395
sampled_1pdk_model_491_1pdk,0.1339365545724962
sampled_1pdk_model_492_1pdk,0.1236735605203595
sampled_1pdk_model_493_1pdk,0.1507635190153979
sampled_1pdk_model_494_1pdk,0.1331985828621161
sampled_1pdk_model_495_1pdk,0.1417517113625037
sampled_1pdk_model_496_1pdk,0.1178704829369297
sampled_1pdk_model_497_1pdk,0.1167282431888794
sampled_1pdk_model_498_1pdk,0.1405845884278297
sampled_1pdk_model_499_1pdk,0.1073826992215681
sampled_1pdk_model_5_1pdk,0.055853248213082
sampled_1pdk_model_50_1pdk,0.0471471571313073
sampled_1pdk_model_500_1pdk,0.147866440597494
sampled_1pdk_model_501_1pdk,0.1566088676535519
sampled_1pdk_model_502_1pdk,0.1411273462311504
sampled_1pdk_model_503_1pdk,0.1416743827892563
sampled_1pdk_model_504_1pdk,0.1277752770024835
sampled_1pdk_model_505_1pdk,0.1312215121635273
sampled_1pdk_model_506_1pdk,0.1445393865621373
sampled_1pdk_model_507_1pdk,0.1242679206535569
sampled_1pdk_model_508_1pdk,0.1548369541407201
sampled_1pdk_model_509_1pdk,0.1426432896692975
sampled_1pdk_model_51_1pdk,0.0862218461021382
sampled_1pdk_model_510_1pdk,0.107404606512608
sampled_1pdk_model_511_1pdk,0.1325285517440362
sampled_1pdk_model_512_1pdk,0.1406848664074173
sampled_1pdk_model_513_1pdk,0.1174198550746368
sampled_1pdk_model_514_1pdk,0.1476001443322298
sampled_1pdk_model_515_1pdk,0.151578870481216
sampled_1pdk_model_516_1pdk,0.1334435192849897
sampled_1pdk_model_517_1pdk,0.1423187924000588
sampled_1pdk_model_518_1pdk,0.1381138670283435
sampled_1pdk_model_519_1pdk,0.1192742012954184
sampled_1pdk_model_52_1pdk,0.0701473510696985
sampled_1pdk_model_520_1pdk,0.1276370327526033
sampled_1pdk_model_521_1pdk,0.1211364982250546
sampled_1pdk_model_522_1pdk,0.1264021979872254
sampled_1pdk_model_523_1pdk,0.1399691056622545
sampled_1pdk_model_524_1pdk,0.1030493066801897
sampled_1pdk_model_525_1pdk,0.1481388500570793
sampled_1pdk_model_526_1pdk,0.1371031931442158
sampled_1pdk_model_527_1pdk,0.1268037149523952
sampled_1pdk_model_528_1pdk,0.1172672671733564
sampled_1pdk_model_529_1pdk,0.1557247036633122
sampled_1pdk_model_53_1pdk,0.0844824839321041
sampled_1pdk_model_530_1pdk,0.1351445537710825
sampled_1pdk_model_531_1pdk,0.1136397116114536
sampled_1pdk_model_532_1pdk,0.153809260683979
sampled_1pdk_model_533_1pdk,0.1254957483646998
sampled_1pdk_model_534_1pdk,0.1468432115093085
sampled_1pdk_model_535_1pdk,0.1351419007112343
sampled_1pdk_model_536_1pdk,0.1219174889432737
sampled_1pdk_model_537_1pdk,0.1471072212236234
sampled_1pdk_model_538_1pdk,0.1391908711215564
sampled_1pdk_model_539_1pdk,0.1439627043117984
sampled_1pdk_model_54_1pdk,0.095091633988386
sampled_1pdk_model_540_1pdk,0.1355276156488901
sampled_1pdk_model_541_1pdk,0.1377038228175186
sampled_1pdk_model_542_1pdk,0.1441614321448255
sampled_1pdk_model_543_1pdk,0.1364383242503677
sampled_1pdk_model_544_1pdk,0.1216657541047593
sampled_1pdk_model_545_1pdk,0.1236038576747725
sampled_1pdk_model_546_1pdk,0.1310575186930224
sampled_1pdk_model_547_1pdk,0.157500712733386
sampled_1pdk_model_548_1pdk,0.1336864483002651
sampled_1pdk_model_549_1pdk,0.1423631416735985
sampled_1pdk_model_55_1pdk,0.0629394543736961
sampled_1pdk_model_550_1pdk,0.1227445988882637
sampled_1pdk_model_551_1pdk,0.1274217100505767
sampled_1pdk_model_552_1pdk,0.141275310521695
sampled_1pdk_model_553_1pdk,0.1201975679961636
sampled_1pdk_model_554_1pdk,0.1339686670137289
sampled_1pdk_model_555_1pdk,0.125473023624416
sampled_1pdk_model_556_1pdk,0.1518526396877488
sampled_1pdk_model_557_1pdk,0.1407641910024116
sampled_1pdk_model_558_1pdk,0.1480526308873762
sampled_1pdk_model_559_1pdk,0.1323603687998858
sampled_1pdk_model_56_1pdk,0.0803072103553518
sampled_1pdk_model_560_1pdk,0.1551258057491017
sampled_1pdk_model_561_1pdk,0.1418667686459942
sampled_1pdk_model_562_1pdk,0.1301865637812937
sampled_1pdk_model_563_1pdk,0.1566614769504277
sampled_1pdk_model_564_1pdk,0.1595965114365041
sampled_1pdk_model_565_1pdk,0.1336875383613638
sampled_1pdk_model_566_1pdk,0.1425097808852642
sampled_1pdk_model_567_1pdk,0.1289241972321541
sampled_1pdk_model_568_1pdk,0.1332738739903191
sampled_1pdk_model_569_1pdk,0.1249493230277442
sampled_1pdk_model_57_1pdk,0.0878298927558236
sampled_1pdk_model_570_1pdk,0.1368947272634663
sampled_1pdk_model_571_1pdk,0.1515928795709636
sampled_1pdk_model_572_1pdk,0.1388223095249846
sampled_1pdk_model_573_1pdk,0.1532981107851669
sampled_1pdk_model_574_1pdk,0.1322525643300479
sampled_1pdk_model_575_1pdk,0.1407103389961613
sampled_1pdk_model_576_1pdk,0.1128574167993784
sampled_1pdk_model_577_1pdk,0.1351325963673732
sampled_1pdk_model_578_1pdk,0.1249477180600972
sampled_1pdk_model_579_1pdk,0.1568301145530485
sampled_1pdk_model_58_1pdk,0.084543815837483
sampled_1pdk_model_580_1pdk,0.1458421889892534
sampled_1pdk_model_581_1pdk,0.1328772875928134
sampled_1pdk_model_582_1pdk,0.149634624185736
sampled_1pdk_model_583_1pdk,0.1505185762281334
sampled_1pdk_model_584_1pdk,0.1171910264761996
sampled_1pdk_model_585_1pdk,0.1333231416467225
sampled_1pdk_model_586_1pdk,0.1391070547233663
sampled_1pdk_model_587_1pdk,0.1474157542187684
sampled_1pdk_model_588_1pdk,0.143044357405862
sampled_1pdk_model_589_1pdk,0.1437126509011835
sampled_1pdk_model_59_1pdk,0.0809253621216643
sampled_1pdk_model_590_1pdk,0.142926263920865
sampled_1pdk_model_591_1pdk,0.1412988071715822
sampled_1pdk_model_592_1pdk,0.1344636598935059
sampled_1pdk_model_593_1pdk,0.158954781655545
sampled_1pdk_model_594_1pdk,0.1340210194601143
sampled_1pdk_model_595_1pdk,0.1363817257097516
sampled_1pdk_model_596_1pdk,0.1219398173272857
sampled_1pdk_model_597_1pdk,0.1375482094020076
sampled_1pdk_model_598_1pdk,0.1050862472384133
sampled_1pdk_model_599_1pdk,0.1447176607003093
sampled_1pdk_model_6_1pdk,0.0525455491505476
sampled_1pdk_model_60_1pdk,0.0622903679452824
sampled_1pdk_model_600_1pdk,0.1471792612266136
sampled_1pdk_model_601_1pdk,0.1439764969106171
sampled_1pdk_model_602_1pdk,0.1398780215640419
sampled_1pdk_model_603_1pdk,0.1546517003806097
sampled_1pdk_model_604_1pdk,0.1372251726459885
sampled_1pdk_model_605_1pdk,0.1547844692319328
sampled_1pdk_model_606_1pdk,0.1436613369237502
sampled_1pdk_model_607_1pdk,0.1258999026984137
sampled_1pdk_model_608_1pdk,0.1513107280224845
sampled_1pdk_model_609_1pdk,0.1564157445404038
sampled_1pdk_model_61_1pdk,0.0746380055190548
sampled_1pdk_model_610_1pdk,0.1324995450124294
sampled_1pdk_model_611_1pdk,0.1469542230146039
sampled_1pdk_model_612_1pdk,0.1290719877065635
sampled_1pdk_model_613_1pdk,0.1527829326762183
sampled_1pdk_model_614_1pdk,0.1452693668066253
sampled_1pdk_model_615_1pdk,0.1472470937349378
sampled_1pdk_model_616_1pdk,0.1485007012620749
sampled_1pdk_model_617_1pdk,0.1323131886241503
sampled_1pdk_model_618_1pdk,0.1409512374461445
sampled_1pdk_model_619_1pdk,0.1281592397148244
sampled_1pdk_model_62_1pdk,0.0668088966145837
sampled_1pdk_model_620_1pdk,0.1431769256780474
sampled_1pdk_model_621_1pdk,0.1389192169426295
sampled_1pdk_model_622_1pdk,0.1247330865825773
sampled_1pdk_model_623_1pdk,0.1453341754280231
sampled_1pdk_model_624_1pdk,0.1545118548667328
sampled_1pdk_model_625_1pdk,0.1439000889377652
sampled_1pdk_model_626_1pdk,0.1469012916018327
sampled_1pdk_model_627_1pdk,0.1197921179280393
sampled_1pdk_model_628_1pdk,0.1463646265422999
sampled_1pdk_model_629_1pdk,0.1464965257257923
sampled_1pdk_model_63_1pdk,0.0647494634390256
sampled_1pdk_model_630_1pdk,0.1351121068461901
sampled_1pdk_model_631_1pdk,0.1369024315768537
sampled_1pdk_model_632_1pdk,0.1431132183156279
sampled_1pdk_model_633_1pdk,0.126281492699687
sampled_1pdk_model_634_1pdk,0.1407369420603318
sampled_1pdk_model_635_1pdk,0.1506719950355309
sampled_1pdk_model_636_1pdk,0.1538634371376608
sampled_1pdk_model_637_1pdk,0.1471526829754757
sampled_1pdk_model_638_1pdk,0.144293637148096
sampled_1pdk_model_639_1pdk,0.1428814107380961
sampled_1pdk_model_64_1pdk,0.0616284903831911
sampled_1pdk_model_640_1pdk,0.1432424934750275
sampled_1pdk_model_641_1pdk,0.1503950060808817
sampled_1pdk_model_642_1pdk,0.136127128021897
sampled_1pdk_model_643_1pdk,0.157579544420924
sampled_1pdk_model_644_1pdk,0.1304431313546719
sampled_1pdk_model_645_1pdk,0.141383464871287
sampled_1pdk_model_646_1pdk,0.1474165106768743
sampled_1pdk_model_647_1pdk,0.1500306273565111
sampled_1pdk_model_648_1pdk,0.1291005163625005
sampled_1pdk_model_649_1pdk,0.1500529249019985
sampled_1pdk_model_65_1pdk,0.1110374572305887
sampled_1pdk_model_650_1pdk,0.1390926943032188
sampled_1pdk_model_651_1pdk,0.1421746796783302
sampled_1pdk_model_652_1pdk,0.1348057746025072
sampled_1pdk_model_653_1pdk,0.1520611925360824
sampled_1pdk_model_654_1pdk,0.1487095444386939
sampled_1pdk_model_655_1pdk,0.1428987339232656
sampled_1pdk_model_656_1pdk,0.1489233295464588
sampled_1pdk_model_657_1pdk,0.1388978332912258
sampled_1pdk_model_658_1pdk,0.1495136559337229
sampled_1pdk_model_659_1pdk,0.1486125659974776
sampled_1pdk_model_66_1pdk,0.0599910473411276
sampled_1pdk_model_660_1pdk,0.1511370240836384
sampled_1pdk_model_661_1pdk,0.1394151502637579
sampled_1pdk_model_662_1pdk,0.1472137012897824
sampled_1pdk_model_663_1pdk,0.1353924559292567
sampled_1pdk_model_664_1pdk,0.1542058641468807
sampled_1pdk_model_665_1pdk,0.1333897574322074
sampled_1pdk_model_666_1pdk,0.1414296851973631
sampled_1pdk_model_667_1pdk,0.1362731554054212
sampled_1pdk_model_668_1pdk,0.1349558463098411
sampled_1pdk_model_669_1pdk,0.1457477716379357
sampled_1pdk_model_67_1pdk,0.0725990159533386
sampled_1pdk_model_670_1pdk,0.1574643320266908
sampled_1pdk_model_671_1pdk,0.1414519027393102
sampled_1pdk_model_672_1pdk,0.1597808517457388
sampled_1pdk_model_673_1pdk,0.1556952095594675
sampled_1pdk_model_674_1pdk,0.1457765556228971
sampled_1pdk_model_675_1pdk,0.1466047629717881
sampled_1pdk_model_676_1pdk,0.1455711149028548
sampled_1pdk_model_677_1pdk,0.1604329591942914
sampled_1pdk_model_678_1pdk,0.1491862022089561
sampled_1pdk_model_679_1pdk,0.1463094033053379
sampled_1pdk_model_68_1pdk,0.0449164401463908
sampled_1pdk_model_680_1pdk,0.1464541619389755
sampled_1pdk_model_681_1pdk,0.1604170278887786
sampled_1pdk_model_682_1pdk,0.1461928033227575
sampled_1pdk_model_683_1pdk,0.150673540317474
sampled_1pdk_model_684_1pdk,0.1579636554360597
sampled_1pdk_model_685_1pdk,0.1410612966347973
sampled_1pdk_model_686_1pdk,0.1502082579879719
sampled_1pdk_model_687_1pdk,0.1433343975262135
sampled_1pdk_model_688_1pdk,0.1525272928482297
sampled_1pdk_model_689_1pdk,0.1432548279397719
sampled_1pdk_model_69_1pdk,0.0800580571597894
sampled_1pdk_model_690_1pdk,0.1440172546779156
sampled_1pdk_model_691_1pdk,0.1630427371993116
sampled_1pdk_model_692_1pdk,0.1588302177558563
sampled_1pdk_model_693_1pdk,0.1356928547110491
sampled_1pdk_model_694_1pdk,0.1445896889801177
sampled_1pdk_model_695_1pdk,0.1451535513070156
sampled_1pdk_model_696_1pdk,0.146068282470662
sampled_1pdk_model_697_1pdk,0.1646228345531975
sampled_1pdk_model_698_1pdk,0.1461402887986209
sampled_1pdk_model_699_1pdk,0.1600989798722
sampled_1pdk_model_7_1pdk,0.0574468213813416
sampled_1pdk_model_70_1pdk,0.0671139928421579
sampled_1pdk_model_700_1pdk,0.1396840924395506
sampled_1pdk_model_701_1pdk,0.1512205640905527
sampled_1pdk_model_702_1pdk,0.1490548218522543
sampled_1pdk_model_703_1pdk,0.1526065278605904
sampled_1pdk_model_704_1pdk,0.1428040351363463
sampled_1pdk_model_705_1pdk,0.1458642452323737
sampled_1pdk_model_706_1pdk,0.1578857612654507
sampled_1pdk_model_707_1pdk,0.151331443802791
sampled_1pdk_model_708_1pdk,0.1554425042206391
sampled_1pdk_model_709_1pdk,0.1636356517854854
sampled_1pdk_model_71_1pdk,0.0728736521516458
sampled_1pdk_model_710_1pdk,0.1332683509030183
sampled_1pdk_model_711_1pdk,0.1468135167733332
sampled_1pdk_model_712_1pdk,0.1441223420138972
sampled_1pdk_model_713_1pdk,0.1557115177718407
sampled_1pdk_model_714_1pdk,0.1447762008055146
sampled_1pdk_model_715_1pdk,0.1443947505425223
sampled_1pdk_model_716_1pdk,0.1526646768188767
sampled_1pdk_model_717_1pdk,0.1551123910002312
sampled_1pdk_model_718_1pdk,0.143632381212436
sampled_1pdk_model_719_1pdk,0.1528184392245127
sampled_1pdk_model_72_1pdk,0.0642510491462639
sampled_1pdk_model_720_1pdk,0.1482322518707002
sampled_1pdk_model_721_1pdk,0.1447703578797268
sampled_1pdk_model_722_1pdk,0.1482105766626682
sampled_1pdk_model_723_1pdk,0.1499451491898786
sampled_1pdk_model_724_1pdk,0.1515291156748171
sampled_1pdk_model_725_1pdk,0.1510475673392308
sampled_1pdk_model_726_1pdk,0.1596891638839722
sampled_1pdk_model_727_1pdk,0.1572093712448317
sampled_1pdk_model_728_1pdk,0.1278746493494784
sampled_1pdk_model_729_1pdk,0.157646932850431
sampled_1pdk_model_73_1pdk,0.0700733728812287
sampled_1pdk_model_730_1pdk,0.1588834313329158
sampled_1pdk_model_731_1pdk,0.1475019152237246
sampled_1pdk_model_732_1pdk,0.1519104839314258
sampled_1pdk_model_733_1pdk,0.1582927909889195
sampled_1pdk_model_734_1pdk,0.1560548049676569
sampled_1pdk_model_735_1pdk,0.1448031381113059
sampled_1pdk_model_736_1pdk,0.146046073343379
sampled_1pdk_model_737_1pdk,0.1443629871238244
sampled_1pdk_model_738_1pdk,0.1620767810417754
sampled_1pdk_model_739_1pdk,0.1493323718826289
sampled_1pdk_model_74_1pdk,0.0794054085289803
sampled_1pdk_model_740_1pdk,0.1581264743471942
sampled_1pdk_model_741_1pdk,0.1530366075393034
sampled_1pdk_model_742_1pdk,0.1566551723770257
sampled_1pdk_model_743_1pdk,0.151268718688193
sampled_1pdk_model_744_1pdk,0.1608086576570186
sampled_1pdk_model_745_1pdk,0.1503395714411105
sampled_1pdk_model_746_1pdk,0.1482532787486607
sampled_1pdk_model_747_1pdk,0.1511025405496167
sampled_1pdk_model_748_1pdk,0.1589681846326901
sampled_1pdk_model_749_1pdk,0.1566761887103148
sampled_1pdk_model_75_1pdk,0.0845389365445287
sampled_1pdk_model_750_1pdk,0.1372942455586083
sampled_1pdk_model_751_1pdk,0.1550330220224028
sampled_1pdk_model_752_1pdk,0.1662382832480584
sampled_1pdk_model_753_1pdk,0.1465395857570748
sampled_1pdk_model_754_1pdk,0.1502269432608367
sampled_1pdk_model_755_1pdk,0.160040334064126
sampled_1pdk_model_756_1pdk,0.1441538438527705
sampled_1pdk_model_757_1pdk,0.1537571355794356
sampled_1pdk_model_758_1pdk,0.1556061134647991
sampled_1pdk_model_759_1pdk,0.157378043612065
sampled_1pdk_model_76_1pdk,0.074274404395786
sampled_1pdk_model_760_1pdk,0.1468576194270331
sampled_1pdk_model_761_1pdk,0.1491488947773976
sampled_1pdk_model_762_1pdk,0.153959003603956
sampled_1pdk_model_763_1pdk,0.1523944983179137
sampled_1pdk_model_764_1pdk,0.1529444589433992
sampled_1pdk_model_765_1pdk,0.1450409306158588
sampled_1pdk_model_766_1pdk,0.1466017628007191
sampled_1pdk_model_767_1pdk,0.1494596447219203
sampled_1pdk_model_768_1pdk,0.1442389353348292
sampled_1pdk_model_769_1pdk,0.1484478717799798
sampled_1pdk_model_77_1pdk,0.0976774745267436
sampled_1pdk_model_770_1pdk,0.145717978980275
sampled_1pdk_model_771_1pdk,0.1481149603095578
sampled_1pdk_model_772_1pdk,0.1511862771536947
sampled_1pdk_model_773_1pdk,0.1510902172395214
sampled_1pdk_model_774_1pdk,0.1489274249174229
sampled_1pdk_model_775_1pdk,0.1473283048650695
sampled_1pdk_model_776_1pdk,0.1592297361693297
sampled_1pdk_model_777_1pdk,0.152416745330833
sampled_1pdk_model_778_1pdk,0.1538911966590897
sampled_1pdk_model_779_1pdk,0.1562191460334607
sampled_1pdk_model_78_1pdk,0.0822995284978486
sampled_1pdk_model_780_1pdk,0.155625444596841
sampled_1pdk_model_781_1pdk,0.1473516126529289
sampled_1pdk_model_782_1pdk,0.1578310784990634
sampled_1pdk_model_783_1pdk,0.1486424532917321
sampled_1pdk_model_784_1pdk,0.1498180691243431
sampled_1pdk_model_785_1pdk,0.1489433103771808
sampled_1pdk_model_786_1pdk,0.1569344326331152
sampled_1pdk_model_787_1pdk,0.1510178384761465
sampled_1pdk_model_788_1pdk,0.1503067965587665
sampled_1pdk_model_789_1pdk,0.1471332143355177
sampled_1pdk_model_79_1pdk,0.0849958154150781
sampled_1pdk_model_790_1pdk,0.1578468336275896
sampled_1pdk_model_791_1pdk,0.1541531836661441
sampled_1pdk_model_792_1pdk,0.1428711331739478
sampled_1pdk_model_793_1pdk,0.1457807922467403
sampled_1pdk_model_794_1pdk,0.149448921507889
sampled_1pdk_model_795_1pdk,0.1557285107090808
sampled_1pdk_model_796_1pdk,0.1631572812583288
sampled_1pdk_model_797_1pdk,0.1553984284670979
sampled_1pdk_model_798_1pdk,0.1584424610624155
sampled_1pdk_model_799_1pdk,0.1582161386917511
sampled_1pdk_model_8_1pdk,0.0536605360537841
sampled_1pdk_model_80_1pdk,0.0836562544045499
sampled_1pdk_model_800_1pdk,0.1464736249531496
sampled_1pdk_model_801_1pdk,0.1457471977848701
sampled_1pdk_model_802_1pdk,0.1583160633523471
sampled_1pdk_model_803_1pdk,0.1614258722935025
sampled_1pdk_model_804_1pdk,0.1591527860177604
sampled_1pdk_model_805_1pdk,0.1572074682590989
sampled_1pdk_model_806_1pdk,0.157113684546364
sampled_1pdk_model_807_1pdk,0.1509440352008561
sampled_1pdk_model_808_1pdk,0.1521980089691361
sampled_1pdk_model_809_1pdk,0.147478799865013
sampled_1pdk_model_81_1pdk,0.0850857606877457
sampled_1pdk_model_810_1pdk,0.1576946264189948
sampled_1pdk_model_811_1pdk,0.1516169497188697
sampled_1pdk_model_812_1pdk,0.1564065618709529
sampled_1pdk_model_813_1pdk,0.1532823643434744
sampled_1pdk_model_814_1pdk,0.1515944004993384
sampled_1pdk_model_815_1pdk,0.1486133492373641
sampled_1pdk_model_816_1pdk,0.1594613008860437
sampled_1pdk_model_817_1pdk,0.1525487968092294
sampled_1pdk_model_818_1pdk,0.1577870435727519
sampled_1pdk_model_819_1pdk,0.1534487974064596
sampled_1pdk_model_82_1pdk,0.0497571827626913
sampled_1pdk_model_820_1pdk,0.1615994476246764
sampled_1pdk_model_821_1pdk,0.1469043558108083
sampled_1pdk_model_822_1pdk,0.1553346684672559
sampled_1pdk_model_823_1pdk,0.1438191498350725
sampled_1pdk_model_824_1pdk,0.1514396324369755
sampled_1pdk_model_825_1pdk,0.1555709427323601
sampled_1pdk_model_826_1pdk,0.1511466961046719
sampled_1pdk_model_827_1pdk,0.1478965794539072
sampled_1pdk_model_828_1pdk,0.152896064724317
sampled_1pdk_model_829_1pdk,0.1646162697144612
sampled_1pdk_model_83_1pdk,0.0645442130243276
sampled_1pdk_model_830_1pdk,0.1688558187782882
sampled_1pdk_model_831_1pdk,0.1488858472874853
sampled_1pdk_model_832_1pdk,0.1576175343127526
sampled_1pdk_model_833_1pdk,0.1454359117359922
sampled_1pdk_model_834_1pdk,0.1461149850592539
sampled_1pdk_model_835_1pdk,0.1498954580656575
sampled_1pdk_model_836_1pdk,0.152272046548907
sampled_1pdk_model_837_1pdk,0.1414132098473909
sampled_1pdk_model_838_1pdk,0.148626707525418
sampled_1pdk_model_839_1pdk,0.1510323691942376
sampled_1pdk_model_84_1pdk,0.0582498979638042
sampled_1pdk_model_840_1pdk,0.1611041227560573
sampled_1pdk_model_841_1pdk,0.158026445047003
sampled_1pdk_model_842_1pdk,0.1506773529386996
sampled_1pdk_model_843_1pdk,0.157507233106742
sampled_1pdk_model_844_1pdk,0.1464658387512887
sampled_1pdk_model_845_1pdk,0.1561808607232004
sampled_1pdk_model_846_1pdk,0.1620186486045922
sampled_1pdk_model_847_1pdk,0.1577438865625187
sampled_1pdk_model_848_1pdk,0.1488288775701563
sampled_1pdk_model_849_1pdk,0.1454840583325338
sampled_1pdk_model_85_1pdk,0.097061211648807
sampled_1pdk_model_850_1pdk,0.1468506009582041
sampled_1pdk_model_851_1pdk,0.1503862736704425
sampled_1pdk_model_852_1pdk,0.1478968254623371
sampled_1pdk_model_853_1pdk,0.155601600792956
sampled_1pdk_model_854_1pdk,0.1557411048477691
sampled_1pdk_model_855_1pdk,0.1548652877329779
sampled_1pdk_model_856_1pdk,0.1511194089154632
sampled_1pdk_model_857_1pdk,0.1555254181798571
sampled_1pdk_model_858_1pdk,0.1535842892812014
sampled_1pdk_model_859_1pdk,0.1553400100878904
sampled_1pdk_model_86_1pdk,0.0981668350673232
sampled_1pdk_model_860_1pdk,0.1575991292269511
sampled_1pdk_model_861_1pdk,0.1545326442112442
sampled_1pdk_model_862_1pdk,0.1571392093233007
sampled_1pdk_model_863_1pdk,0.1505914757632035
sampled_1pdk_model_864_1pdk,0.1428723708609442
sampled_1pdk_model_865_1pdk,0.1533677457040563
sampled_1pdk_model_866_1pdk,0.1509850859344509
sampled_1pdk_model_867_1pdk,0.1503009819575169
sampled_1pdk_model_868_1pdk,0.1709872080781085
sampled_1pdk_model_869_1pdk,0.1493743060510381
sampled_1pdk_model_87_1pdk,0.1171477118838913
sampled_1pdk_model_870_1pdk,0.1541161758999552
sampled_1pdk_model_871_1pdk,0.1645023458199686
sampled_1pdk_model_872_1pdk,0.1476040307464979
sampled_1pdk_model_873_1pdk,0.1563352034069234
sampled_1pdk_model_874_1pdk,0.158548819524585
sampled_1pdk_model_875_1pdk,0.1553516220419105
sampled_1pdk_model_876_1pdk,0.161940171139631
sampled_1pdk_model_877_1pdk,0.15565366118436
sampled_1pdk_model_878_1pdk,0.1582133849692496
sampled_1pdk_model_879_1pdk,0.155703524471422
sampled_1pdk_model_88_1pdk,0.0856465898708366
sampled_1pdk_model_880_1pdk,0.1542498277580561
sampled_1pdk_model_881_1pdk,0.1524048401205399
sampled_1pdk_model_882_1pdk,0.1525749311412152
sampled_1pdk_model_883_1pdk,0.1602769355810011
sampled_1pdk_model_884_1pdk,0.1535185748728681
sampled_1pdk_model_885_1pdk,0.1522343276603679
sampled_1pdk_model_886_1pdk,0.1589811302950371
sampled_1pdk_model_89_1pdk,0.0937602615630783
sampled_1pdk_model_9_1pdk,0.0536389918409489
sampled_1pdk_model_90_1pdk,0.0729495546622477
sampled_1pdk_model_91_1pdk,0.0786131043736428
sampled_1pdk_model_92_1pdk,0.0791529644247605
sampled_1pdk_model_93_1pdk,0.0557929545150237
sampled_1pdk_model_94_1pdk,0.0773440249343948
sampled_1pdk_model_95_1pdk,0.0711823084574356
sampled_1pdk_model_96_1pdk,0.0713174084027885
sampled_1pdk_model_97_1pdk,0.0632788846574375
sampled_1pdk_model_98_1pdk,0.0719678056310322
sampled_1pdk_model_99_1pdk,0.0886442293663577
random_1pdk_model_1_1pdk,0.046706913703363
random_1pdk_model_10_1pdk,0.0477873443210697
random_1pdk_model_100_1pdk,0.0406011613443874
random_1pdk_model_1000_1pdk,0.0446086516507949
random_1pdk_model_101_1pdk,0.0572649181317514
random_1pdk_model_102_1pdk,0.0746322684230525
random_1pdk_model_103_1pdk,0.0339678751674729
random_1pdk_model_104_1pdk,0.05931751752623
random_1pdk_model_105_1pdk,0.0598926916078431
random_1pdk_model_106_1pdk,0.0617914001140503
random_1pdk_model_107_1pdk,0.0854292877703999
random_1pdk_model_108_1pdk,0.056837935717379
random_1pdk_model_109_1pdk,0.0416276753141298
random_1pdk_model_11_1pdk,0.0608523280844071
random_1pdk_model_110_1pdk,0.0540032920778324
random_1pdk_model_111_1pdk,0.0589588324379819
random_1pdk_model_112_1pdk,0.0512004820812099
random_1pdk_model_113_1pdk,0.059151925561119
random_1pdk_model_114_1pdk,0.0754735482544021
random_1pdk_model_115_1pdk,0.0322188294541972
random_1pdk_model_116_1pdk,0.1241161422811515
random_1pdk_model_117_1pdk,0.0441883941013119
random_1pdk_model_118_1pdk,0.0453013564018992
random_1pdk_model_119_1pdk,0.0562689075610547
random_1pdk_model_12_1pdk,0.0431524876966227
random_1pdk_model_120_1pdk,0.06270311469155
random_1pdk_model_121_1pdk,0.0516941000054219
random_1pdk_model_122_1pdk,0.0495812927688131
random_1pdk_model_123_1pdk,0.0757168694276264
random_1pdk_model_124_1pdk,0.0357139784194658
random_1pdk_model_125_1pdk,0.0435989032115722
random_1pdk_model_126_1pdk,0.0649595784445646
random_1pdk_model_127_1pdk,0.0536412334049409
random_1pdk_model_128_1pdk,0.0519796773698059
random_1pdk_model_129_1pdk,0.0731137797359945
random_1pdk_model_13_1pdk,0.0734121824299754
random_1pdk_model_130_1pdk,0.0575242705345057
random_1pdk_model_131_1pdk,0.0547212133240319
random_1pdk_model_132_1pdk,0.0229087651060674
random_1pdk_model_133_1pdk,0.0525078886326176
random_1pdk_model_134_1pdk,0.1295883969597524
random_1pdk_model_135_1pdk,0.0437544437863845
random_1pdk_model_136_1pdk,0.0617908983616239
random_1pdk_model_137_1pdk,0.0582875955330724
random_1pdk_model_138_1pdk,0.0502084683593457
random_1pdk_model_139_1pdk,0.0497284884749135
random_1pdk_model_14_1pdk,0.0463226400910108
random_1pdk_model_140_1pdk,0.0394419949569235
random_1pdk_model_141_1pdk,0.040177671133019
random_1pdk_model_142_1pdk,0.077714370882606
random_1pdk_model_143_1pdk,0.0709872237619209
random_1pdk_model_144_1pdk,0.0416867274049452
random_1pdk_model_145_1pdk,0.042812184104365
random_1pdk_model_146_1pdk,0.0697298651797607
random_1pdk_model_147_1pdk,0.0854306128604012
random_1pdk_model_148_1pdk,0.0500228360388677
random_1pdk_model_149_1pdk,0.0404372838136379
random_1pdk_model_15_1pdk,0.0646303936614724
random_1pdk_model_150_1pdk,0.0549395971206362
random_1pdk_model_151_1pdk,0.0457932323892944
random_1pdk_model_152_1pdk,0.0323059710534605
random_1pdk_model_153_1pdk,0.0676489263048283
random_1pdk_model_154_1pdk,0.0523452834246491
random_1pdk_model_155_1pdk,0.0520118531210357
random_1pdk_model_156_1pdk,0.0640764239155735
random_1pdk_model_157_1pdk,0.0513028311790212
random_1pdk_model_158_1pdk,0.0675344128395889
random_1pdk_model_159_1pdk,0.0432202709022694
random_1pdk_model_16_1pdk,0.0453039860906168
random_1pdk_model_160_1pdk,0.0541958128566045
random_1pdk_model_161_1pdk,0.0593615295055224
random_1pdk_model_162_1pdk,0.051826122376668
random_1pdk_model_163_1pdk,0.086234595659708
random_1pdk_model_164_1pdk,0.0826938693222313
random_1pdk_model_165_1pdk,0.0769094086860477
random_1pdk_model_166_1pdk,0.0500923817605456
random_1pdk_model_167_1pdk,0.0378778795284983
random_1pdk_model_168_1pdk,0.04442698903013
random_1pdk_model_169_1pdk,0.0422342854319745
random_1pdk_model_17_1pdk,0.0644856465648367
random_1pdk_model_170_1pdk,0.0684323117478005
random_1pdk_model_171_1pdk,0.0464485549936376
random_1pdk_model_172_1pdk,0.0690247105878017
random_1pdk_model_173_1pdk,0.0565938033460562
random_1pdk_model_174_1pdk,0.0868418052672971
random_1pdk_model_175_1pdk,0.0891071622062277
random_1pdk_model_176_1pdk,0.0746422992036078
random_1pdk_model_177_1pdk,0.0900497504994375
random_1pdk_model_178_1pdk,0.0668324608127405
random_1pdk_model_179_1pdk,0.055729431825824
random_1pdk_model_18_1pdk,0.0507157457128078
random_1pdk_model_180_1pdk,0.057794012899051
random_1pdk_model_181_1pdk,0.0756400698417715
random_1pdk_model_182_1pdk,0.0810615706655485
random_1pdk_model_183_1pdk,0.0712458994746614
random_1pdk_model_184_1pdk,0.0552219216219009
random_1pdk_model_185_1pdk,0.0731567328356132
random_1pdk_model_186_1pdk,0.0580984288805918
random_1pdk_model_187_1pdk,0.0804071635909764
random_1pdk_model_188_1pdk,0.0502624404230332
random_1pdk_model_189_1pdk,0.0559254966419836
random_1pdk_model_19_1pdk,0.0499100919578888
random_1pdk_model_190_1pdk,0.053798901007907
random_1pdk_model_191_1pdk,0.0611957903695697
random_1pdk_model_192_1pdk,0.0703186772775236
random_1pdk_model_193_1pdk,0.0605388643384966
random_1pdk_model_194_1pdk,0.0532749730742122
random_1pdk_model_195_1pdk,0.0431048642293186
random_1pdk_model_196_1pdk,0.0700863107281043
random_1pdk_model_197_1pdk,0.0807547982732476
random_1pdk_model_198_1pdk,0.0917479167121814
random_1pdk_model_199_1pdk,0.0665090616863697
random_1pdk_model_2_1pdk,0.0791954123153755
random_1pdk_model_20_1pdk,0.0698227353054504
random_1pdk_model_200_1pdk,0.0541051451004456
random_1pdk_model_201_1pdk,0.0597914942989347
random_1pdk_model_202_1pdk,0.0453216674541934
random_1pdk_model_203_1pdk,0.0529347358729741
random_1pdk_model_204_1pdk,0.0576558725667046
random_1pdk_model_205_1pdk,0.0683886015269832
random_1pdk_model_206_1pdk,0.0445070590148894
random_1pdk_model_207_1pdk,0.0653460077201978
random_1pdk_model_208_1pdk,0.0562371973866956
random_1pdk_model_209_1pdk,0.0503902213080124
random_1pdk_model_21_1pdk,0.0945487349926543
random_1pdk_model_210_1pdk,0.0769217511887386
random_1pdk_model_211_1pdk,0.0439226978791072
random_1pdk_model_212_1pdk,0.085266635087092
random_1pdk_model_213_1pdk,0.0472646143729764
random_1pdk_model_214_1pdk,0.0570776932465901
random_1pdk_model_215_1pdk,0.0917386739066008
random_1pdk_model_216_1pdk,0.0262507517825715
random_1pdk_model_217_1pdk,0.0648933374309893
random_1pdk_model_218_1pdk,0.039878826715475
random_1pdk_model_219_1pdk,0.0261802299051298
random_1pdk_model_22_1pdk,0.0606492729573694
random_1pdk_model_220_1pdk,0.0445053969120172
random_1pdk_model_221_1pdk,0.0549999704672471
random_1pdk_model_222_1pdk,0.085329295346232
random_1pdk_model_223_1pdk,0.0742280098194086
random_1pdk_model_224_1pdk,0.0645531451133821
random_1pdk_model_225_1pdk,0.0790924115534834
random_1pdk_model_226_1pdk,0.0301088107782371
random_1pdk_model_227_1pdk,0.0609100635845184
random_1pdk_model_228_1pdk,0.0321684092530863
random_1pdk_model_229_1pdk,0.049023183756438
random_1pdk_model_23_1pdk,0.0644087134768096
random_1pdk_model_230_1pdk,0.0670448404458454
random_1pdk_model_231_1pdk,0.0478097162870452
random_1pdk_model_232_1pdk,0.0584601866196604
random_1pdk_model_233_1pdk,0.0707818112538634
random_1pdk_model_234_1pdk,0.040549293563364
random_1pdk_model_235_1pdk,0.0983704610155755
random_1pdk_model_236_1pdk,0.0585858260371128
random_1pdk_model_237_1pdk,0.041377190697826
random_1pdk_model_238_1pdk,0.1022979505729635
random_1pdk_model_239_1pdk,0.0429067552517089
random_1pdk_model_24_1pdk,0.0377959011786172
random_1pdk_model_240_1pdk,0.0627904929690933
random_1pdk_model_241_1pdk,0.0349591458930953
random_1pdk_model_242_1pdk,0.0408374617131171
random_1pdk_model_243_1pdk,0.0849253594988826
random_1pdk_model_244_1pdk,0.0555783817262171
random_1pdk_model_245_1pdk,0.0650852060520891
random_1pdk_model_246_1pdk,0.0494587694254358
random_1pdk_model_247_1pdk,0.0408279398014543
random_1pdk_model_248_1pdk,0.0509714707351572
random_1pdk_model_249_1pdk,0.0313856836782963
random_1pdk_model_25_1pdk,0.0726647225278178
random_1pdk_model_250_1pdk,0.0358170471853724
random_1pdk_model_251_1pdk,0.0610597822218977
random_1pdk_model_252_1pdk,0.0585926359138041
random_1pdk_model_253_1pdk,0.0588819880047326
random_1pdk_model_254_1pdk,0.0491001178969836
random_1pdk_model_255_1pdk,0.0858214013333424
random_1pdk_model_256_1pdk,0.0632358609091343
random_1pdk_model_257_1pdk,0.0428129778429892
random_1pdk_model_258_1pdk,0.0665938968180498
random_1pdk_model_259_1pdk,0.0296217946579259
random_1pdk_model_26_1pdk,0.0665976118559968
random_1pdk_model_260_1pdk,0.0517547486591179
random_1pdk_model_261_1pdk,0.0443329284519372
random_1pdk_model_262_1pdk,0.0488333954118929
random_1pdk_model_263_1pdk,0.1183814330099658
random_1pdk_model_264_1pdk,0.0500558552865537
random_1pdk_model_265_1pdk,0.0467052131028415
random_1pdk_model_266_1pdk,0.0488864546059311
random_1pdk_model_267_1pdk,0.0636014313724709
random_1pdk_model_268_1pdk,0.0676518211914044
random_1pdk_model_269_1pdk,0.0617873815963816
random_1pdk_model_27_1pdk,0.0657774726438286
random_1pdk_model_270_1pdk,0.1077216773702753
random_1pdk_model_271_1pdk,0.0885040270088259
random_1pdk_model_272_1pdk,0.0625543270476665
random_1pdk_model_273_1pdk,0.0523718121617582
random_1pdk_model_274_1pdk,0.0615864551790373
random_1pdk_model_275_1pdk,0.0471914769177913
random_1pdk_model_276_1pdk,0.0951797697367434
random_1pdk_model_277_1pdk,0.069261449287556
random_1pdk_model_278_1pdk,0.0836188066731285
random_1pdk_model_279_1pdk,0.1020777818609568
random_1pdk_model_28_1pdk,0.069239064713475
random_1pdk_model_280_1pdk,0.0793907059217633
random_1pdk_model_281_1pdk,0.0409826924114837
random_1pdk_model_282_1pdk,0.055433999980612
random_1pdk_model_283_1pdk,0.0486613712314982
random_1pdk_model_284_1pdk,0.0586443984186041
random_1pdk_model_285_1pdk,0.0573516812576825
random_1pdk_model_286_1pdk,0.0524629669977555
random_1pdk_model_287_1pdk,0.0738893005008136
random_1pdk_model_288_1pdk,0.0453594571130107
random_1pdk_model_289_1pdk,0.0715109815888858
random_1pdk_model_29_1pdk,0.0595722259511115
random_1pdk_model_290_1pdk,0.0544878124617089
random_1pdk_model_291_1pdk,0.0312858352105692
random_1pdk_model_292_1pdk,0.030998126478698
random_1pdk_model_293_1pdk,0.0431560272396464
random_1pdk_model_294_1pdk,0.0601849415242169
random_1pdk_model_295_1pdk,0.0736693375358967
random_1pdk_model_296_1pdk,0.0331034287567202
random_1pdk_model_297_1pdk,0.0357272309467439
random_1pdk_model_298_1pdk,0.1120890152635389
random_1pdk_model_299_1pdk,0.0601117491450907
random_1pdk_model_3_1pdk,0.0409998840251049
random_1pdk_model_30_1pdk,0.0462530401219764
random_1pdk_model_300_1pdk,0.0562712380812656
random_1pdk_model_301_1pdk,0.0388405156695308
random_1pdk_model_302_1pdk,0.0427196573604644
random_1pdk_model_303_1pdk,0.057557025199802
random_1pdk_model_304_1pdk,0.0460647468425834
random_1pdk_model_305_1pdk,0.0556892530832089
random_1pdk_model_306_1pdk,0.045816690286931
random_1pdk_model_307_1pdk,0.060691941914182
random_1pdk_model_308_1pdk,0.0394856890101241
random_1pdk_model_309_1pdk,0.0615338405249881
random_1pdk_model_31_1pdk,0.0690090031598912
random_1pdk_model_310_1pdk,0.0628212174764089
random_1pdk_model_311_1pdk,0.0692738381688312
random_1pdk_model_312_1pdk,0.0554412853248257
random_1pdk_model_313_1pdk,0.0679788207970431
random_1pdk_model_314_1pdk,0.1100318315939679
random_1pdk_model_315_1pdk,0.036087567930346
random_1pdk_model_316_1pdk,0.0473308527981897
random_1pdk_model_317_1pdk,0.0601949640635337
random_1pdk_model_318_1pdk,0.0551629016644934
random_1pdk_model_319_1pdk,0.0545662936837834
random_1pdk_model_32_1pdk,0.0396264620754099
random_1pdk_model_320_1pdk,0.0586006763514847
random_1pdk_model_321_1pdk,0.0648102356980949
random_1pdk_model_322_1pdk,0.0661024093608683
random_1pdk_model_323_1pdk,0.0507731895670412
random_1pdk_model_324_1pdk,0.0476926063512439
random_1pdk_model_325_1pdk,0.0882732999935095
random_1pdk_model_326_1pdk,0.0507418997831475
random_1pdk_model_327_1pdk,0.0449888181675978
random_1pdk_model_328_1pdk,0.0489660384270358
random_1pdk_model_329_1pdk,0.0332093414844745
random_1pdk_model_33_1pdk,0.0606166071606535
random_1pdk_model_330_1pdk,0.0711247563155738
random_1pdk_model_331_1pdk,0.0632668058384662
random_1pdk_model_332_1pdk,0.0427981822360337
random_1pdk_model_333_1pdk,0.0680449553982461
random_1pdk_model_334_1pdk,0.0604283735171591
random_1pdk_model_335_1pdk,0.0555318084527777
random_1pdk_model_336_1pdk,0.0668055506287305
random_1pdk_model_337_1pdk,0.048929184188436
random_1pdk_model_338_1pdk,0.039663125041894
random_1pdk_model_339_1pdk,0.0340123194169876
random_1pdk_model_34_1pdk,0.0666859380330074
random_1pdk_model_340_1pdk,0.0697245849948261
random_1pdk_model_341_1pdk,0.0427918733757693
random_1pdk_model_342_1pdk,0.090504555105232
random_1pdk_model_343_1pdk,0.0503880916825106
random_1pdk_model_344_1pdk,0.0472446949552037
random_1pdk_model_345_1pdk,0.0550080888450205
random_1pdk_model_346_1pdk,0.0478201321768534
random_1pdk_model_347_1pdk,0.0827015886564315
random_1pdk_model_348_1pdk,0.0765087948028058
random_1pdk_model_349_1pdk,0.0585515183325047
random_1pdk_model_35_1pdk,0.0571761787353698
random_1pdk_model_350_1pdk,0.0527603712728066
random_1pdk_model_351_1pdk,0.060624469352265
random_1pdk_model_352_1pdk,0.0508024375858937
random_1pdk_model_353_1pdk,0.042921794158595
random_1pdk_model_354_1pdk,0.0693690608895981
random_1pdk_model_355_1pdk,0.0842847866631104
random_1pdk_model_356_1pdk,0.0580545910014569
random_1pdk_model_357_1pdk,0.0773108012195504
random_1pdk_model_358_1pdk,0.0885868950536655
random_1pdk_model_359_1pdk,0.0444753990852236
random_1pdk_model_36_1pdk,0.0284190112309054
random_1pdk_model_360_1pdk,0.0771761103622837
random_1pdk_model_361_1pdk,0.0398854115760807
random_1pdk_model_362_1pdk,0.0539566835134996
random_1pdk_model_363_1pdk,0.0654001898624546
random_1pdk_model_364_1pdk,0.063533282022479
random_1pdk_model_365_1pdk,0.0760041058347557
random_1pdk_model_366_1pdk,0.0646579828075928
random_1pdk_model_367_1pdk,0.0366121706841917
random_1pdk_model_368_1pdk,0.0575907129369391
random_1pdk_model_369_1pdk,0.0673275711603133
random_1pdk_model_37_1pdk,0.0561348536481078
random_1pdk_model_370_1pdk,0.066610389996153
random_1pdk_model_371_1pdk,0.0685323212993332
random_1pdk_model_372_1pdk,0.0451859731754598
random_1pdk_model_373_1pdk,0.0722399655216192
random_1pdk_model_374_1pdk,0.0407362723006734
random_1pdk_model_375_1pdk,0.0267495324457666
random_1pdk_model_376_1pdk,0.0453306528654331
random_1pdk_model_377_1pdk,0.0981408981521232
random_1pdk_model_378_1pdk,0.0399758971589897
random_1pdk_model_379_1pdk,0.0730590078061828
random_1pdk_model_38_1pdk,0.0731151754772028
random_1pdk_model_380_1pdk,0.0664764492695924
random_1pdk_model_381_1pdk,0.0731854551745188
random_1pdk_model_382_1pdk,0.0612159758225488
random_1pdk_model_383_1pdk,0.0349413619872774
random_1pdk_model_384_1pdk,0.066184328319832
random_1pdk_model_385_1pdk,0.0684086441389996
random_1pdk_model_386_1pdk,0.0525256471524845
random_1pdk_model_387_1pdk,0.060212813997632
random_1pdk_model_388_1pdk,0.0800630872519944
random_1pdk_model_389_1pdk,0.0788108720016539
random_1pdk_model_39_1pdk,0.0299587769417415
random_1pdk_model_390_1pdk,0.0519358901481512
random_1pdk_model_391_1pdk,0.0880944296000062
random_1pdk_model_392_1pdk,0.0664371947043778
random_1pdk_model_393_1pdk,0.0331926616410878
random_1pdk_model_394_1pdk,0.0702711878148587
random_1pdk_model_395_1pdk,0.0962038446071758
random_1pdk_model_396_1pdk,0.0520520664901928
random_1pdk_model_397_1pdk,0.0500599092053669
random_1pdk_model_398_1pdk,0.0658697775440997
random_1pdk_model_399_1pdk,0.0874535431421492
random_1pdk_model_4_1pdk,0.0867075888234398
random_1pdk_model_40_1pdk,0.0527952351211391
random_1pdk_model_400_1pdk,0.0750337480829151
random_1pdk_model_401_1pdk,0.0440451801215558
random_1pdk_model_402_1pdk,0.0495100919143476
random_1pdk_model_403_1pdk,0.0647783354666559
random_1pdk_model_404_1pdk,0.0351731661681196
random_1pdk_model_405_1pdk,0.0671576459649668
random_1pdk_model_406_1pdk,0.0373718377543382
random_1pdk_model_407_1pdk,0.0645223375580415
random_1pdk_model_408_1pdk,0.0362229062678686
random_1pdk_model_409_1pdk,0.0425866196409706
random_1pdk_model_41_1pdk,0.0374974179560806
random_1pdk_model_410_1pdk,0.0457949335069034
random_1pdk_model_411_1pdk,0.0565678830032412
random_1pdk_model_412_1pdk,0.0701370833941178
random_1pdk_model_413_1pdk,0.0703903197881483
random_1pdk_model_414_1pdk,0.0715354743747335
random_1pdk_model_415_1pdk,0.0905451061985404
random_1pdk_model_416_1pdk,0.0302570528586131
random_1pdk_model_417_1pdk,0.042083690995098
random_1pdk_model_418_1pdk,0.0555313369069996
random_1pdk_model_419_1pdk,0.0294545322264805
random_1pdk_model_42_1pdk,0.0494563521370377
random_1pdk_model_420_1pdk,0.0758815084046466
random_1pdk_model_421_1pdk,0.0638893021190852
random_1pdk_model_422_1pdk,0.0737433206930196
random_1pdk_model_423_1pdk,0.0401415810077333
random_1pdk_model_424_1pdk,0.0687808622727625
random_1pdk_model_425_1pdk,0.0516104677517475
random_1pdk_model_426_1pdk,0.0483242942487195
random_1pdk_model_427_1pdk,0.0821233979672632
random_1pdk_model_428_1pdk,0.0904462294165734
random_1pdk_model_429_1pdk,0.0559705403526099
random_1pdk_model_43_1pdk,0.0594570705904555
random_1pdk_model_430_1pdk,0.0581153430624363
random_1pdk_model_431_1pdk,0.0604177405662907
random_1pdk_model_432_1pdk,0.1055412971687201
random_1pdk_model_433_1pdk,0.1027956626945027
random_1pdk_model_434_1pdk,0.0799313343404547
random_1pdk_model_435_1pdk,0.0708063038008039
random_1pdk_model_436_1pdk,0.0722403605093569
random_1pdk_model_437_1pdk,0.0589205774202927
random_1pdk_model_438_1pdk,0.0419097657105377
random_1pdk_model_439_1pdk,0.0413387503771955
random_1pdk_model_44_1pdk,0.051958479510108
random_1pdk_model_440_1pdk,0.0796595537401918
random_1pdk_model_441_1pdk,0.0377455934607466
random_1pdk_model_442_1pdk,0.0850698423409501
random_1pdk_model_443_1pdk,0.0775555419021756
random_1pdk_model_444_1pdk,0.0912813152258032
random_1pdk_model_445_1pdk,0.0435526524093409
random_1pdk_model_446_1pdk,0.0378152728891098
random_1pdk_model_447_1pdk,0.0455376254809619
random_1pdk_model_448_1pdk,0.0480085013523422
random_1pdk_model_449_1pdk,0.064024828271335
random_1pdk_model_45_1pdk,0.0690320390005464
random_1pdk_model_450_1pdk,0.0454475852358343
random_1pdk_model_451_1pdk,0.0343937475816249
random_1pdk_model_452_1pdk,0.0470993169705041
random_1pdk_model_453_1pdk,0.0323918075901145
random_1pdk_model_454_1pdk,0.044467812477871
random_1pdk_model_455_1pdk,0.0399031139524009
random_1pdk_model_456_1pdk,0.0432485337848566
random_1pdk_model_457_1pdk,0.0964259632138906
random_1pdk_model_458_1pdk,0.0443050284681632
random_1pdk_model_459_1pdk,0.0312294988351922
random_1pdk_model_46_1pdk,0.0444588143778199
random_1pdk_model_460_1pdk,0.083413735555351
random_1pdk_model_461_1pdk,0.0643373791783761
random_1pdk_model_462_1pdk,0.0812733011312014
random_1pdk_model_463_1pdk,0.0456435984438611
random_1pdk_model_464_1pdk,0.0541200766203444
random_1pdk_model_465_1pdk,0.0422084107552845
random_1pdk_model_466_1pdk,0.0671525875009842
random_1pdk_model_467_1pdk,0.0703608300938415
random_1pdk_model_468_1pdk,0.0843032578940728
random_1pdk_model_469_1pdk,0.0610066110647878
random_1pdk_model_47_1pdk,0.0479567737496878
random_1pdk_model_470_1pdk,0.0293991951543213
random_1pdk_model_471_1pdk,0.0690891838607002
random_1pdk_model_472_1pdk,0.0469768654183596
random_1pdk_model_473_1pdk,0.0504930969405358
random_1pdk_model_474_1pdk,0.0538601301483489
random_1pdk_model_475_1pdk,0.070650979716117
random_1pdk_model_476_1pdk,0.0692999115047436
random_1pdk_model_477_1pdk,0.1070975868730076
random_1pdk_model_478_1pdk,0.0886478636740367
random_1pdk_model_479_1pdk,0.0348132694836914
random_1pdk_model_48_1pdk,0.0648508593382792
random_1pdk_model_480_1pdk,0.0337719602229312
random_1pdk_model_481_1pdk,0.0464082712511402
random_1pdk_model_482_1pdk,0.0436020427389415
random_1pdk_model_483_1pdk,0.0462332007195634
random_1pdk_model_484_1pdk,0.0354743879299907
random_1pdk_model_485_1pdk,0.02537334793111
random_1pdk_model_486_1pdk,0.0628558869645565
random_1pdk_model_487_1pdk,0.0532502325563951
random_1pdk_model_488_1pdk,0.0432582913156592
random_1pdk_model_489_1pdk,0.0417393989144264
random_1pdk_model_49_1pdk,0.0661894571008433
random_1pdk_model_490_1pdk,0.046760324127638
random_1pdk_model_491_1pdk,0.0419480907198416
random_1pdk_model_492_1pdk,0.047855516111541
random_1pdk_model_493_1pdk,0.065501060283476
random_1pdk_model_494_1pdk,0.0761002335614626
random_1pdk_model_495_1pdk,0.0381056643007816
random_1pdk_model_496_1pdk,0.0677327403589246
random_1pdk_model_497_1pdk,0.0653006572797055
random_1pdk_model_498_1pdk,0.0604407546929749
random_1pdk_model_499_1pdk,0.0624200430695996
random_1pdk_model_5_1pdk,0.0541551919164745
random_1pdk_model_50_1pdk,0.0415227957176555
random_1pdk_model_500_1pdk,0.0903555295244418
random_1pdk_model_501_1pdk,0.048324930219567
random_1pdk_model_502_1pdk,0.070795001827102
random_1pdk_model_503_1pdk,0.0351900331755013
random_1pdk_model_504_1pdk,0.0433803588571799
random_1pdk_model_505_1pdk,0.0755544181773779
random_1pdk_model_506_1pdk,0.0627450647742316
random_1pdk_model_507_1pdk,0.0532894452967424
random_1pdk_model_508_1pdk,0.043144250017211
random_1pdk_model_509_1pdk,0.0734478835704522
random_1pdk_model_51_1pdk,0.0582566899802214
random_1pdk_model_510_1pdk,0.0289135909685425
random_1pdk_model_511_1pdk,0.0577072001704045
random_1pdk_model_512_1pdk,0.0515434931474376
random_1pdk_model_513_1pdk,0.0334384439213336
random_1pdk_model_514_1pdk,0.0557181218412527
random_1pdk_model_515_1pdk,0.045649632668544
random_1pdk_model_516_1pdk,0.0377949932288636
random_1pdk_model_517_1pdk,0.0503054332606312
random_1pdk_model_518_1pdk,0.0602215105369597
random_1pdk_model_519_1pdk,0.098061010560488
random_1pdk_model_52_1pdk,0.0678775450167557
random_1pdk_model_520_1pdk,0.0578567872117317
random_1pdk_model_521_1pdk,0.0426753456900889
random_1pdk_model_522_1pdk,0.0352661794197219
random_1pdk_model_523_1pdk,0.0466424175267306
random_1pdk_model_524_1pdk,0.0721637227522169
random_1pdk_model_525_1pdk,0.0604783175630036
random_1pdk_model_526_1pdk,0.0402818963395209
random_1pdk_model_527_1pdk,0.0632432314412119
random_1pdk_model_528_1pdk,0.074181677806946
random_1pdk_model_529_1pdk,0.040771237603616
random_1pdk_model_53_1pdk,0.0857826094374024
random_1pdk_model_530_1pdk,0.0406568716062489
random_1pdk_model_531_1pdk,0.0696736568307645
random_1pdk_model_532_1pdk,0.0817893879202369
random_1pdk_model_533_1pdk,0.0677677097870297
random_1pdk_model_534_1pdk,0.0803468328289202
random_1pdk_model_535_1pdk,0.0496165670146004
random_1pdk_model_536_1pdk,0.055032207088824
random_1pdk_model_537_1pdk,0.0413352313622315
random_1pdk_model_538_1pdk,0.0462787346577295
random_1pdk_model_539_1pdk,0.0597798131737572
random_1pdk_model_54_1pdk,0.0335074785354749
random_1pdk_model_540_1pdk,0.0613645414590741
random_1pdk_model_541_1pdk,0.0503992288522954
random_1pdk_model_542_1pdk,0.0618380971705287
random_1pdk_model_543_1pdk,0.043882485041205
random_1pdk_model_544_1pdk,0.0477791783295829
random_1pdk_model_545_1pdk,0.0610007139980684
random_1pdk_model_546_1pdk,0.0578326443368903
random_1pdk_model_547_1pdk,0.0893075455250203
random_1pdk_model_548_1pdk,0.0403522443749011
random_1pdk_model_549_1pdk,0.0369833994223645
random_1pdk_model_55_1pdk,0.062613943330774
random_1pdk_model_550_1pdk,0.0697588981802025
random_1pdk_model_551_1pdk,0.0619157905893229
random_1pdk_model_552_1pdk,0.0373303724371107
random_1pdk_model_553_1pdk,0.0435121442403474
random_1pdk_model_554_1pdk,0.0558621193394991
random_1pdk_model_555_1pdk,0.0457475889669806
random_1pdk_model_556_1pdk,0.058100583169693
random_1pdk_model_557_1pdk,0.0676996782298966
random_1pdk_model_558_1pdk,0.0703569486467923
random_1pdk_model_559_1pdk,0.0760046826082779
random_1pdk_model_56_1pdk,0.0506094900015144
random_1pdk_model_560_1pdk,0.0411581825184483
random_1pdk_model_561_1pdk,0.0353025955642368
random_1pdk_model_562_1pdk,0.028684846056067
random_1pdk_model_563_1pdk,0.0917478357465535
random_1pdk_model_564_1pdk,0.044459132993478
random_1pdk_model_565_1pdk,0.0397855445934074
random_1pdk_model_566_1pdk,0.0432871020768216
random_1pdk_model_567_1pdk,0.0960985315204534
random_1pdk_model_568_1pdk,0.0347662601027099
random_1pdk_model_569_1pdk,0.0534913022745451
random_1pdk_model_57_1pdk,0.077575466484409
random_1pdk_model_570_1pdk,0.0599875596879748
random_1pdk_model_571_1pdk,0.0424052720718725
random_1pdk_model_572_1pdk,0.0584809942484556
random_1pdk_model_573_1pdk,0.0696949305956461
random_1pdk_model_574_1pdk,0.0461076624158839
random_1pdk_model_575_1pdk,0.0364743534906058
random_1pdk_model_576_1pdk,0.059820019302678
random_1pdk_model_577_1pdk,0.0534375561995378
random_1pdk_model_578_1pdk,0.1498322221041971
random_1pdk_model_579_1pdk,0.0425413868452068
random_1pdk_model_58_1pdk,0.0460029460999074
random_1pdk_model_580_1pdk,0.0523316344309566
random_1pdk_model_581_1pdk,0.051040816322135
random_1pdk_model_582_1pdk,0.0712372600644194
random_1pdk_model_583_1pdk,0.0424252125304489
random_1pdk_model_584_1pdk,0.0634362062250692
random_1pdk_model_585_1pdk,0.045401854207455
random_1pdk_model_586_1pdk,0.0455366617971517
random_1pdk_model_587_1pdk,0.0510951482108269
random_1pdk_model_588_1pdk,0.0735723810775914
random_1pdk_model_589_1pdk,0.1048258645622219
random_1pdk_model_59_1pdk,0.0629639826309622
random_1pdk_model_590_1pdk,0.0488146617708398
random_1pdk_model_591_1pdk,0.0665799690448485
random_1pdk_model_592_1pdk,0.0416929332381116
random_1pdk_model_593_1pdk,0.0747994581983797
random_1pdk_model_594_1pdk,0.0814823556886697
random_1pdk_model_595_1pdk,0.0505800838829124
random_1pdk_model_596_1pdk,0.0355882204985852
random_1pdk_model_597_1pdk,0.0948402743401391
random_1pdk_model_598_1pdk,0.0342485567906182
random_1pdk_model_599_1pdk,0.0441905777193933
random_1pdk_model_6_1pdk,0.0543600609198313
random_1pdk_model_60_1pdk,0.0581310723231188
random_1pdk_model_600_1pdk,0.031258059167653
random_1pdk_model_601_1pdk,0.0454116457220157
random_1pdk_model_602_1pdk,0.0844149031690127
random_1pdk_model_603_1pdk,0.0582960673210356
random_1pdk_model_604_1pdk,0.0344588601104108
random_1pdk_model_605_1pdk,0.0453356167228428
random_1pdk_model_606_1pdk,0.0490331695441744
random_1pdk_model_607_1pdk,0.0484202539172115
random_1pdk_model_608_1pdk,0.0683850786450435
random_1pdk_model_609_1pdk,0.0449640083025465
random_1pdk_model_61_1pdk,0.0343852029995073
random_1pdk_model_610_1pdk,0.0562617703454827
random_1pdk_model_611_1pdk,0.0565495012989383
random_1pdk_model_612_1pdk,0.0524834282798057
random_1pdk_model_613_1pdk,0.0619817490741808
random_1pdk_model_614_1pdk,0.0398109696482424
random_1pdk_model_615_1pdk,0.0465374662093239
random_1pdk_model_616_1pdk,0.0436233219325483
random_1pdk_model_617_1pdk,0.0538066583662673
random_1pdk_model_618_1pdk,0.0479398981992544
random_1pdk_model_619_1pdk,0.0396595428675774
random_1pdk_model_62_1pdk,0.0826559846325204
random_1pdk_model_620_1pdk,0.0541882002997468
random_1pdk_model_621_1pdk,0.0465239801167282
random_1pdk_model_622_1pdk,0.0561119121047244
random_1pdk_model_623_1pdk,0.0574617426602536
random_1pdk_model_624_1pdk,0.0730647586836656
random_1pdk_model_625_1pdk,0.0575262875643972
random_1pdk_model_626_1pdk,0.0453814551202597
random_1pdk_model_627_1pdk,0.054823957726963
random_1pdk_model_628_1pdk,0.0408584476221166
random_1pdk_model_629_1pdk,0.0663469793000725
random_1pdk_model_63_1pdk,0.0745523997629162
random_1pdk_model_630_1pdk,0.075409059628477
random_1pdk_model_631_1pdk,0.0493870541563868
random_1pdk_model_632_1pdk,0.0773118046074536
random_1pdk_model_633_1pdk,0.0634913612853554
random_1pdk_model_634_1pdk,0.0596914870904114
random_1pdk_model_635_1pdk,0.052848641259078
random_1pdk_model_636_1pdk,0.0468233859186874
random_1pdk_model_637_1pdk,0.0493996962193033
random_1pdk_model_638_1pdk,0.1106020270091209
random_1pdk_model_639_1pdk,0.0553359243642253
random_1pdk_model_64_1pdk,0.0701340404589373
random_1pdk_model_640_1pdk,0.0682937991499938
random_1pdk_model_641_1pdk,0.0398137612844574
random_1pdk_model_642_1pdk,0.0396765954920017
random_1pdk_model_643_1pdk,0.0628606433759463
random_1pdk_model_644_1pdk,0.0932053111298317
random_1pdk_model_645_1pdk,0.0845930798680494
random_1pdk_model_646_1pdk,0.0653033805480185
random_1pdk_model_647_1pdk,0.0332446128239652
random_1pdk_model_648_1pdk,0.0494765130867043
random_1pdk_model_649_1pdk,0.052306169027589
random_1pdk_model_65_1pdk,0.0704390759124975
random_1pdk_model_650_1pdk,0.0437935879127756
random_1pdk_model_651_1pdk,0.0870400368555548
random_1pdk_model_652_1pdk,0.0620075607392612
random_1pdk_model_653_1pdk,0.0333017719775454
random_1pdk_model_654_1pdk,0.0830759864592977
random_1pdk_model_655_1pdk,0.0318184161476719
random_1pdk_model_656_1pdk,0.084693935223937
random_1pdk_model_657_1pdk,0.0513179441645224
random_1pdk_model_658_1pdk,0.0304431352813471
random_1pdk_model_659_1pdk,0.0574336546056863
random_1pdk_model_66_1pdk,0.0579162977687318
random_1pdk_model_660_1pdk,0.0580624813768533
random_1pdk_model_661_1pdk,0.0533882604796279
random_1pdk_model_662_1pdk,0.0398442567195342
random_1pdk_model_663_1pdk,0.0698015780932258
random_1pdk_model_664_1pdk,0.065657841813473
random_1pdk_model_665_1pdk,0.0474321827638806
random_1pdk_model_666_1pdk,0.0683220288789082
random_1pdk_model_667_1pdk,0.035390832703828
random_1pdk_model_668_1pdk,0.0501186865202843
random_1pdk_model_669_1pdk,0.0998391440835438
random_1pdk_model_67_1pdk,0.061215889482716
random_1pdk_model_670_1pdk,0.0482669726236959
random_1pdk_model_671_1pdk,0.0547592055820006
random_1pdk_model_672_1pdk,0.0541884019307958
random_1pdk_model_673_1pdk,0.1010357646984514
random_1pdk_model_674_1pdk,0.054901892091443
random_1pdk_model_675_1pdk,0.0664482169996514
random_1pdk_model_676_1pdk,0.0618067958898538
random_1pdk_model_677_1pdk,0.0525409451667868
random_1pdk_model_678_1pdk,0.0652985934434687
random_1pdk_model_679_1pdk,0.07878968218111
random_1pdk_model_68_1pdk,0.0648177199385796
random_1pdk_model_680_1pdk,0.0667746586037876
random_1pdk_model_681_1pdk,0.0680662162332572
random_1pdk_model_682_1pdk,0.0375216873635187
random_1pdk_model_683_1pdk,0.0681495146187978
random_1pdk_model_684_1pdk,0.0414494451927213
random_1pdk_model_685_1pdk,0.0511583967789914
random_1pdk_model_686_1pdk,0.0588992215802296
random_1pdk_model_687_1pdk,0.0523803941090056
random_1pdk_model_688_1pdk,0.0385786543709988
random_1pdk_model_689_1pdk,0.0472989081127256
random_1pdk_model_69_1pdk,0.045901547716151
random_1pdk_model_690_1pdk,0.0445693667926051
random_1pdk_model_691_1pdk,0.0525548235160894
random_1pdk_model_692_1pdk,0.0426762911155081
random_1pdk_model_693_1pdk,0.0633087795515569
random_1pdk_model_694_1pdk,0.080764345983022
random_1pdk_model_695_1pdk,0.0594413249430014
random_1pdk_model_696_1pdk,0.03626197622666
random_1pdk_model_697_1pdk,0.0774908520988688
random_1pdk_model_698_1pdk,0.0431142738826564
random_1pdk_model_699_1pdk,0.0751927359446976
random_1pdk_model_7_1pdk,0.0423364773053458
random_1pdk_model_70_1pdk,0.0306751928773817
random_1pdk_model_700_1pdk,0.0503469805082905
random_1pdk_model_701_1pdk,0.0722675939896494
random_1pdk_model_702_1pdk,0.0394320621663782
random_1pdk_model_703_1pdk,0.03579273666158
random_1pdk_model_704_1pdk,0.0380242573744076
random_1pdk_model_705_1pdk,0.0565471814288209
random_1pdk_model_706_1pdk,0.0993228171656978
random_1pdk_model_707_1pdk,0.0404461850700917
random_1pdk_model_708_1pdk,0.0392931444282645
random_1pdk_model_709_1pdk,0.0463346691750987
random_1pdk_model_71_1pdk,0.0452272955882921
random_1pdk_model_710_1pdk,0.064063185482051
random_1pdk_model_711_1pdk,0.0715997015018912
random_1pdk_model_712_1pdk,0.0732942442430642
random_1pdk_model_713_1pdk,0.0739543435254909
random_1pdk_model_714_1pdk,0.0911540256764341
random_1pdk_model_715_1pdk,0.0550578917251271
random_1pdk_model_716_1pdk,0.0562597508934464
random_1pdk_model_717_1pdk,0.0615991435272152
random_1pdk_model_718_1pdk,0.0525226018064132
random_1pdk_model_719_1pdk,0.0558920257135406
random_1pdk_model_72_1pdk,0.0549091023363646
random_1pdk_model_720_1pdk,0.0397225112083936
random_1pdk_model_721_1pdk,0.0517712304258755
random_1pdk_model_722_1pdk,0.06792297740608
random_1pdk_model_723_1pdk,0.0462593922984852
random_1pdk_model_724_1pdk,0.0578797307746624
random_1pdk_model_725_1pdk,0.0442848046244559
random_1pdk_model_726_1pdk,0.0486625769642273
random_1pdk_model_727_1pdk,0.0462215628844615
random_1pdk_model_728_1pdk,0.0384392892904557
random_1pdk_model_729_1pdk,0.0384651581467918
random_1pdk_model_73_1pdk,0.0511253789219278
random_1pdk_model_730_1pdk,0.0604589507638073
random_1pdk_model_731_1pdk,0.0949818499882017
random_1pdk_model_732_1pdk,0.0448928016049244
random_1pdk_model_733_1pdk,0.0550523501063966
random_1pdk_model_734_1pdk,0.060421741734871
random_1pdk_model_735_1pdk,0.0392487337385994
random_1pdk_model_736_1pdk,0.0573722089851452
random_1pdk_model_737_1pdk,0.0951227734124385
random_1pdk_model_738_1pdk,0.0696367255514749
random_1pdk_model_739_1pdk,0.0598129001867139
random_1pdk_model_74_1pdk,0.0522946204442327
random_1pdk_model_740_1pdk,0.0675961790685333
random_1pdk_model_741_1pdk,0.0847584326674092
random_1pdk_model_742_1pdk,0.0428611264256791
random_1pdk_model_743_1pdk,0.0439849752032081
random_1pdk_model_744_1pdk,0.0199052294034009
random_1pdk_model_745_1pdk,0.0578064554478901
random_1pdk_model_746_1pdk,0.0249351066754506
random_1pdk_model_747_1pdk,0.0740236415468188
random_1pdk_model_748_1pdk,0.0252105796956846
random_1pdk_model_749_1pdk,0.0725428357933497
random_1pdk_model_75_1pdk,0.0623336596506121
random_1pdk_model_750_1pdk,0.0559900966804268
random_1pdk_model_751_1pdk,0.0681735860053883
random_1pdk_model_752_1pdk,0.0538011894843522
random_1pdk_model_753_1pdk,0.0749762681901046
random_1pdk_model_754_1pdk,0.064436422096776
random_1pdk_model_755_1pdk,0.067708837741677
random_1pdk_model_756_1pdk,0.0528276585629668
random_1pdk_model_757_1pdk,0.0565850080287508
random_1pdk_model_758_1pdk,0.0500860872536736
random_1pdk_model_759_1pdk,0.0425922302029825
random_1pdk_model_76_1pdk,0.05261511415526
random_1pdk_model_760_1pdk,0.0783432237349411
random_1pdk_model_761_1pdk,0.05248749711218
random_1pdk_model_762_1pdk,0.0460411165107781
random_1pdk_model_763_1pdk,0.0820377702538516
random_1pdk_model_764_1pdk,0.0403682346658286
random_1pdk_model_765_1pdk,0.0532052735000281
random_1pdk_model_766_1pdk,0.060821377644366
random_1pdk_model_767_1pdk,0.0888321287018396
random_1pdk_model_768_1pdk,0.0741649661911491
random_1pdk_model_769_1pdk,0.0394997683650518
random_1pdk_model_77_1pdk,0.0396573065323461
random_1pdk_model_770_1pdk,0.0318372487490641
random_1pdk_model_771_1pdk,0.0707961444804082
random_1pdk_model_772_1pdk,0.0512674297643019
random_1pdk_model_773_1pdk,0.0576291410990317
random_1pdk_model_774_1pdk,0.0733619386168863
random_1pdk_model_775_1pdk,0.0370836720543573
random_1pdk_model_776_1pdk,0.0551911243579434
random_1pdk_model_777_1pdk,0.0910916092953115
random_1pdk_model_778_1pdk,0.0611569758753883
random_1pdk_model_779_1pdk,0.0507893464682565
random_1pdk_model_78_1pdk,0.1108132267597776
random_1pdk_model_780_1pdk,0.0524436684173563
random_1pdk_model_781_1pdk,0.0539631645061702
random_1pdk_model_782_1pdk,0.0778650678950002
random_1pdk_model_783_1pdk,0.0414488786525529
random_1pdk_model_784_1pdk,0.0706543706331842
random_1pdk_model_785_1pdk,0.0500441071064478
random_1pdk_model_786_1pdk,0.0445367068435237
random_1pdk_model_787_1pdk,0.0632791465969832
random_1pdk_model_788_1pdk,0.0582212043674177
random_1pdk_model_789_1pdk,0.0386943296324421
random_1pdk_model_79_1pdk,0.0684550232320532
random_1pdk_model_790_1pdk,0.0985544573175427
random_1pdk_model_791_1pdk,0.0595792214361993
random_1pdk_model_792_1pdk,0.065511046835675
random_1pdk_model_793_1pdk,0.0481197012753835
random_1pdk_model_794_1pdk,0.0736467329264431
random_1pdk_model_795_1pdk,0.0593737759620727
random_1pdk_model_796_1pdk,0.0702446537000655
random_1pdk_model_797_1pdk,0.0657137438377148
random_1pdk_model_798_1pdk,0.0771779845542076
random_1pdk_model_799_1pdk,0.0551030918178091
random_1pdk_model_8_1pdk,0.0856724138096325
random_1pdk_model_80_1pdk,0.0690712445529878
random_1pdk_model_800_1pdk,0.0549865605370189
random_1pdk_model_801_1pdk,0.0468780702849699
random_1pdk_model_802_1pdk,0.0631232131775842
random_1pdk_model_803_1pdk,0.0514890388206261
random_1pdk_model_804_1pdk,0.0589219920206604
random_1pdk_model_805_1pdk,0.0745682709404778
random_1pdk_model_806_1pdk,0.0371978569165163
random_1pdk_model_807_1pdk,0.0583193936137513
random_1pdk_model_808_1pdk,0.0526964047493381
random_1pdk_model_809_1pdk,0.0587606014759169
random_1pdk_model_81_1pdk,0.0803657258766175
random_1pdk_model_810_1pdk,0.0621322979957523
random_1pdk_model_811_1pdk,0.0510313043342521
random_1pdk_model_812_1pdk,0.0532008818688803
random_1pdk_model_813_1pdk,0.0392208442515821
random_1pdk_model_814_1pdk,0.0459568886165345
random_1pdk_model_815_1pdk,0.034450470602664
random_1pdk_model_816_1pdk,0.062675161694489
random_1pdk_model_817_1pdk,0.0439747018244579
random_1pdk_model_818_1pdk,0.0526139838393006
random_1pdk_model_819_1pdk,0.0356153708976536
random_1pdk_model_82_1pdk,0.0622208764091046
random_1pdk_model_820_1pdk,0.0651976154592934
random_1pdk_model_821_1pdk,0.0510141678697344
random_1pdk_model_822_1pdk,0.0733010321539735
random_1pdk_model_823_1pdk,0.0739681807747635
random_1pdk_model_824_1pdk,0.0627930382493301
random_1pdk_model_825_1pdk,0.0557804491106383
random_1pdk_model_826_1pdk,0.0520335907584919
random_1pdk_model_827_1pdk,0.0337479350069444
random_1pdk_model_828_1pdk,0.0536350026473703
random_1pdk_model_829_1pdk,0.0456318167481425
random_1pdk_model_83_1pdk,0.0480348300927757
random_1pdk_model_830_1pdk,0.0463528260952342
random_1pdk_model_831_1pdk,0.0463466722318414
random_1pdk_model_832_1pdk,0.0477022019281619
random_1pdk_model_833_1pdk,0.0518608530988866
random_1pdk_model_834_1pdk,0.0746566303860464
random_1pdk_model_835_1pdk,0.0530775479158851
random_1pdk_model_836_1pdk,0.0452698877677401
random_1pdk_model_837_1pdk,0.0952427936244982
random_1pdk_model_838_1pdk,0.0875954147997182
random_1pdk_model_839_1pdk,0.0452933991979477
random_1pdk_model_84_1pdk,0.0819277969192432
random_1pdk_model_840_1pdk,0.0422603197365164
random_1pdk_model_841_1pdk,0.0353687247500026
random_1pdk_model_842_1pdk,0.0485658973525416
random_1pdk_model_843_1pdk,0.044031893462033
random_1pdk_model_844_1pdk,0.0629676906351386
random_1pdk_model_845_1pdk,0.0456768282359904
random_1pdk_model_846_1pdk,0.045532397320797
random_1pdk_model_847_1pdk,0.0916449279027937
random_1pdk_model_848_1pdk,0.0495439707631442
random_1pdk_model_849_1pdk,0.035783083153138
random_1pdk_model_85_1pdk,0.0711074487706695
random_1pdk_model_850_1pdk,0.0795705263158097
random_1pdk_model_851_1pdk,0.0641438086976503
random_1pdk_model_852_1pdk,0.034227400497972
random_1pdk_model_853_1pdk,0.0591746505562316
random_1pdk_model_854_1pdk,0.0573350049895086
random_1pdk_model_855_1pdk,0.0589187144357111
random_1pdk_model_856_1pdk,0.0742192609496412
random_1pdk_model_857_1pdk,0.0286936416162871
random_1pdk_model_858_1pdk,0.042079191541268
random_1pdk_model_859_1pdk,0.051408088035562
random_1pdk_model_86_1pdk,0.0528805642954465
random_1pdk_model_860_1pdk,0.057539817524875
random_1pdk_model_861_1pdk,0.0585961754922609
random_1pdk_model_862_1pdk,0.0691116074564228
random_1pdk_model_863_1pdk,0.048206878196586
random_1pdk_model_864_1pdk,0.0359665298273641
random_1pdk_model_865_1pdk,0.0873438217243014
random_1pdk_model_866_1pdk,0.0661627924279021
random_1pdk_model_867_1pdk,0.0773239875936302
random_1pdk_model_868_1pdk,0.0542450788351942
random_1pdk_model_869_1pdk,0.0456107431547702
random_1pdk_model_87_1pdk,0.074900588251814
random_1pdk_model_870_1pdk,0.0641946661704161
random_1pdk_model_871_1pdk,0.0877363697309969
random_1pdk_model_872_1pdk,0.0589969214360035
random_1pdk_model_873_1pdk,0.0905597456603756
random_1pdk_model_874_1pdk,0.0764494972126604
random_1pdk_model_875_1pdk,0.0422265659444515
random_1pdk_model_876_1pdk,0.0376183296233297
random_1pdk_model_877_1pdk,0.0327334691896162
random_1pdk_model_878_1pdk,0.0725068027144939
random_1pdk_model_879_1pdk,0.0916592942959802
random_1pdk_model_88_1pdk,0.0713277620118472
random_1pdk_model_880_1pdk,0.0787963732298315
random_1pdk_model_881_1pdk,0.069932883564108
random_1pdk_model_882_1pdk,0.0639798343308034
random_1pdk_model_883_1pdk,0.1144446084910569
random_1pdk_model_884_1pdk,0.0798501148285698
random_1pdk_model_885_1pdk,0.0727274018661133
random_1pdk_model_886_1pdk,0.0475414853820836
random_1pdk_model_887_1pdk,0.0631574500687743
random_1pdk_model_888_1pdk,0.0364141913247682
random_1pdk_model_889_1pdk,0.0516129052402225
random_1pdk_model_89_1pdk,0.0311125159680167
random_1pdk_model_890_1pdk,0.0717016099411684
random_1pdk_model_891_1pdk,0.1067736599236651
random_1pdk_model_892_1pdk,0.0786769995259092
random_1pdk_model_893_1pdk,0.0878160081369777
random_1pdk_model_894_1pdk,0.0501971041653728
random_1pdk_model_895_1pdk,0.0426596672439844
random_1pdk_model_896_1pdk,0.0609378596031374
random_1pdk_model_897_1pdk,0.074413424063886
random_1pdk_model_898_1pdk,0.0398559792999137
random_1pdk_model_899_1pdk,0.0973800378469574
random_1pdk_model_9_1pdk,0.0681757891791879
random_1pdk_model_90_1pdk,0.0504330331006424
random_1pdk_model_900_1pdk,0.0257920626077507
random_1pdk_model_901_1pdk,0.0668641808662358
random_1pdk_model_902_1pdk,0.0291610150778478
random_1pdk_model_903_1pdk,0.0565770374030511
random_1pdk_model_904_1pdk,0.0356546258965331
random_1pdk_model_905_1pdk,0.0626227304500852
random_1pdk_model_906_1pdk,0.0836082512237292
random_1pdk_model_907_1pdk,0.0536768948598385
random_1pdk_model_908_1pdk,0.0537478746663052
random_1pdk_model_909_1pdk,0.0501240297335256
random_1pdk_model_91_1pdk,0.0509556162938693
random_1pdk_model_910_1pdk,0.0565209482364808
random_1pdk_model_911_1pdk,0.032772517333985
random_1pdk_model_912_1pdk,0.0326481657803607
random_1pdk_model_913_1pdk,0.0250128514147047
random_1pdk_model_914_1pdk,0.0853434910453519
random_1pdk_model_915_1pdk,0.0321503331707343
random_1pdk_model_916_1pdk,0.0452461789490613
random_1pdk_model_917_1pdk,0.088895531833775
random_1pdk_model_918_1pdk,0.0707586658280782
random_1pdk_model_919_1pdk,0.0677806739566305
random_1pdk_model_92_1pdk,0.050516498857346
random_1pdk_model_920_1pdk,0.0630884775955039
random_1pdk_model_921_1pdk,0.0492835891789813
random_1pdk_model_922_1pdk,0.0618052250787077
random_1pdk_model_923_1pdk,0.1070040589191527
random_1pdk_model_924_1pdk,0.0692076412058724
random_1pdk_model_925_1pdk,0.0600294172551255
random_1pdk_model_926_1pdk,0.0848218187022849
random_1pdk_model_927_1pdk,0.0496958167208461
random_1pdk_model_928_1pdk,0.0517768294300597
random_1pdk_model_929_1pdk,0.0624060223458324
random_1pdk_model_93_1pdk,0.0569408575496408
random_1pdk_model_930_1pdk,0.0945629913620669
random_1pdk_model_931_1pdk,0.0611769493694572
random_1pdk_model_932_1pdk,0.0275419290108798
random_1pdk_model_933_1pdk,0.0438928635765408
random_1pdk_model_934_1pdk,0.0708698546257207
random_1pdk_model_935_1pdk,0.1081849499975444
random_1pdk_model_936_1pdk,0.0521382779184222
random_1pdk_model_937_1pdk,0.0425987437434364
random_1pdk_model_938_1pdk,0.0555802266428463
random_1pdk_model_939_1pdk,0.0486405255875333
random_1pdk_model_94_1pdk,0.0311165657963721
random_1pdk_model_940_1pdk,0.0685411259666173
random_1pdk_model_941_1pdk,0.0519715765369673
random_1pdk_model_942_1pdk,0.042548373959527
random_1pdk_model_943_1pdk,0.0377555149051803
random_1pdk_model_944_1pdk,0.0549454109913662
random_1pdk_model_945_1pdk,0.0499353104419218
random_1pdk_model_946_1pdk,0.0388031090527906
random_1pdk_model_947_1pdk,0.0403890034472779
random_1pdk_model_948_1pdk,0.0381441233645727
random_1pdk_model_949_1pdk,0.0553337903930758
random_1pdk_model_95_1pdk,0.0387069488685057
random_1pdk_model_950_1pdk,0.0598101415996582
random_1pdk_model_951_1pdk,0.0689265772230117
random_1pdk_model_952_1pdk,0.1059404537555884
random_1pdk_model_953_1pdk,0.0389676174518204
random_1pdk_model_954_1pdk,0.0704731581296082
random_1pdk_model_955_1pdk,0.0647085663929299
random_1pdk_model_956_1pdk,0.0450490780434122
random_1pdk_model_957_1pdk,0.1041504447514099
random_1pdk_model_958_1pdk,0.0849614124167045
random_1pdk_model_959_1pdk,0.0319210763163499
random_1pdk_model_96_1pdk,0.0354282935351079
random_1pdk_model_960_1pdk,0.0648476713929112
random_1pdk_model_961_1pdk,0.0648213635949112
random_1pdk_model_962_1pdk,0.0632143275316538
random_1pdk_model_963_1pdk,0.0400204468397313
random_1pdk_model_964_1pdk,0.0422763918260552
random_1pdk_model_965_1pdk,0.1003835577075501
random_1pdk_model_966_1pdk,0.0471269078514408
random_1pdk_model_967_1pdk,0.0550231924327442
random_1pdk_model_968_1pdk,0.044877685743297
random_1pdk_model_969_1pdk,0.058018988709919
random_1pdk_model_97_1pdk,0.0655353003182114
random_1pdk_model_970_1pdk,0.0532823063904094
random_1pdk_model_971_1pdk,0.0786364778825044
random_1pdk_model_972_1pdk,0.0549002367931148
random_1pdk_model_973_1pdk,0.0448586997220275
random_1pdk_model_974_1pdk,0.0745983940762354
random_1pdk_model_975_1pdk,0.0509450634380239
random_1pdk_model_976_1pdk,0.0776967884168136
random_1pdk_model_977_1pdk,0.0570547539053938
random_1pdk_model_978_1pdk,0.0513577809271844
random_1pdk_model_979_1pdk,0.0781449907020634
random_1pdk_model_98_1pdk,0.0514331615360934
random_1pdk_model_980_1pdk,0.0360720413931956
random_1pdk_model_981_1pdk,0.0810610895972141
random_1pdk_model_982_1pdk,0.0644706981326661
random_1pdk_model_983_1pdk,0.0393124570461315
random_1pdk_model_984_1pdk,0.0559638962829489
random_1pdk_model_985_1pdk,0.0568992809295706
random_1pdk_model_986_1pdk,0.0632896520194506
random_1pdk_model_987_1pdk,0.0351104175369414
random_1pdk_model_988_1pdk,0.0475128665305262
random_1pdk_model_989_1pdk,0.054526478789439
random_1pdk_model_99_1pdk,0.0590556348382028
random_1pdk_model_990_1pdk,0.0501965742129683
random_1pdk_model_991_1pdk,0.05830379400829
random_1pdk_model_992_1pdk,0.0535770512307004
random_1pdk_model_993_1pdk,0.0902191405103163
random_1pdk_model_994_1pdk,0.0494627485751592
random_1pdk_model_995_1pdk,0.0415229253644521
random_1pdk_model_996_1pdk,0.0576154622255294
random_1pdk_model_997_1pdk,0.0735372820117573
random_1pdk_model_998_1pdk,0.0343406418086598
random_1pdk_model_999_1pdk,0.1325946747736675
