pdb_file,bsa
sampled_1c3a_model_1,813.1332829266394
sampled_1c3a_model_10,2008.2330320931997
sampled_1c3a_model_100,1215.8637672330533
sampled_1c3a_model_101,1472.7086141050895
sampled_1c3a_model_102,2670.701883551652
sampled_1c3a_model_103,2104.9867061572986
sampled_1c3a_model_104,1458.635696313284
sampled_1c3a_model_105,1451.0215233566232
sampled_1c3a_model_106,1530.6572143470748
sampled_1c3a_model_107,1506.5622262646302
sampled_1c3a_model_108,1714.8717323330093
sampled_1c3a_model_109,1696.7511058215478
sampled_1c3a_model_11,1378.6253502316176
sampled_1c3a_model_110,2241.461619288304
sampled_1c3a_model_111,1469.2435000692294
sampled_1c3a_model_112,1386.087435240428
sampled_1c3a_model_113,2412.618824904026
sampled_1c3a_model_114,2238.134132309624
sampled_1c3a_model_115,1170.4401193663798
sampled_1c3a_model_116,1282.6384722484108
sampled_1c3a_model_117,1738.891921098737
sampled_1c3a_model_118,1937.6674075187802
sampled_1c3a_model_119,1698.3987482272132
sampled_1c3a_model_12,1584.7398322564895
sampled_1c3a_model_120,1956.1007271695307
sampled_1c3a_model_121,1898.2880708889097
sampled_1c3a_model_122,1522.4607563159097
sampled_1c3a_model_123,1778.5493692329164
sampled_1c3a_model_124,2183.09930776456
sampled_1c3a_model_125,1965.1916387961119
sampled_1c3a_model_126,2423.9050623239127
sampled_1c3a_model_127,1537.3234022394518
sampled_1c3a_model_128,2047.3227569476385
sampled_1c3a_model_129,1178.4755164934522
sampled_1c3a_model_13,1430.9458419196217
sampled_1c3a_model_130,2935.397733517624
sampled_1c3a_model_131,2122.8408344721956
sampled_1c3a_model_132,1522.473366632621
sampled_1c3a_model_133,1865.330373036306
sampled_1c3a_model_134,2094.4307863817394
sampled_1c3a_model_135,1154.2250440944063
sampled_1c3a_model_136,2832.908826044106
sampled_1c3a_model_137,1635.1798026666766
sampled_1c3a_model_138,2131.5344021839574
sampled_1c3a_model_139,2065.522971218472
sampled_1c3a_model_14,1098.8622184095075
sampled_1c3a_model_140,1723.5005586189727
sampled_1c3a_model_141,1527.2616790099455
sampled_1c3a_model_142,1126.3739092130581
sampled_1c3a_model_143,1518.1405534412588
sampled_1c3a_model_144,1975.5747652493974
sampled_1c3a_model_145,1957.588165213694
sampled_1c3a_model_146,1670.5809706845812
sampled_1c3a_model_147,1502.2476089230295
sampled_1c3a_model_148,1914.3683802085452
sampled_1c3a_model_149,2036.72061779248
sampled_1c3a_model_15,1204.2137805015063
sampled_1c3a_model_150,2032.9413942770207
sampled_1c3a_model_151,1961.560642691442
sampled_1c3a_model_152,1629.8416336491755
sampled_1c3a_model_153,1756.8314013860436
sampled_1c3a_model_154,2945.7463385469237
sampled_1c3a_model_155,2022.0491138478974
sampled_1c3a_model_156,2492.70450325823
sampled_1c3a_model_157,1666.8681541138885
sampled_1c3a_model_158,1885.474782820067
sampled_1c3a_model_159,1628.4878295761573
sampled_1c3a_model_16,1908.3614066805076
sampled_1c3a_model_160,2234.2492634751725
sampled_1c3a_model_161,1875.5698576906052
sampled_1c3a_model_162,1943.7963023253124
sampled_1c3a_model_163,2028.5890436644058
sampled_1c3a_model_164,2026.7888273661029
sampled_1c3a_model_165,2154.1669613209033
sampled_1c3a_model_166,2075.2341796759047
sampled_1c3a_model_167,2283.4392055028948
sampled_1c3a_model_168,1691.5565270970583
sampled_1c3a_model_169,1605.0230052515435
sampled_1c3a_model_17,986.6143212288698
sampled_1c3a_model_170,1700.531863802873
sampled_1c3a_model_171,2015.1147999416298
sampled_1c3a_model_172,2074.7511347492655
sampled_1c3a_model_173,2287.508549307955
sampled_1c3a_model_174,1937.835582126787
sampled_1c3a_model_175,1857.019738750172
sampled_1c3a_model_176,1702.1219219461054
sampled_1c3a_model_177,2324.2750223957646
sampled_1c3a_model_178,2022.9349677295304
sampled_1c3a_model_179,2443.812858716803
sampled_1c3a_model_18,795.7559598099779
sampled_1c3a_model_180,2426.1027994971046
sampled_1c3a_model_181,2967.8844366450194
sampled_1c3a_model_182,1231.9072743845045
sampled_1c3a_model_183,2187.7524042560926
sampled_1c3a_model_184,1904.414515975057
sampled_1c3a_model_185,2198.2359820645324
sampled_1c3a_model_186,1836.990612016507
sampled_1c3a_model_187,1933.2437734042687
sampled_1c3a_model_188,1978.3693078689284
sampled_1c3a_model_189,1780.7225119034629
sampled_1c3a_model_19,1328.1165865588318
sampled_1c3a_model_190,1867.1996256562597
sampled_1c3a_model_191,2458.6926905283144
sampled_1c3a_model_192,1476.5506765290593
sampled_1c3a_model_193,2386.2843199662493
sampled_1c3a_model_194,1452.7898026038583
sampled_1c3a_model_195,2444.6243445316304
sampled_1c3a_model_196,1720.0076730856144
sampled_1c3a_model_197,1403.4727180195532
sampled_1c3a_model_198,2158.897729405333
sampled_1c3a_model_199,1708.750098060671
sampled_1c3a_model_2,1026.645871939083
sampled_1c3a_model_20,1265.4598157653272
sampled_1c3a_model_200,2218.5277774755177
sampled_1c3a_model_201,2106.7559601306075
sampled_1c3a_model_202,2157.5096554408246
sampled_1c3a_model_203,1784.3273510067047
sampled_1c3a_model_204,2036.3177992906585
sampled_1c3a_model_205,1461.322710107328
sampled_1c3a_model_206,2249.2366567859153
sampled_1c3a_model_207,2358.2817130747426
sampled_1c3a_model_208,1993.656203701492
sampled_1c3a_model_209,1962.197059971977
sampled_1c3a_model_21,1203.963402562662
sampled_1c3a_model_210,2339.4169412678766
sampled_1c3a_model_211,2100.129156611105
sampled_1c3a_model_212,2306.985234875405
sampled_1c3a_model_213,2534.694882684531
sampled_1c3a_model_214,1928.103634372861
sampled_1c3a_model_215,1989.5966833284692
sampled_1c3a_model_216,1921.3533076384829
sampled_1c3a_model_217,2180.372271977827
sampled_1c3a_model_218,1662.0702090749564
sampled_1c3a_model_219,2368.251422811376
sampled_1c3a_model_22,2101.3817937536896
sampled_1c3a_model_220,2194.5326923947086
sampled_1c3a_model_221,2312.632312904012
sampled_1c3a_model_222,1941.77486923162
sampled_1c3a_model_223,1806.9665625515427
sampled_1c3a_model_224,1752.6361525421053
sampled_1c3a_model_225,2027.9074827682834
sampled_1c3a_model_226,2210.7975704878736
sampled_1c3a_model_227,2205.316967504852
sampled_1c3a_model_228,1971.170232860275
sampled_1c3a_model_229,2004.4032498670822
sampled_1c3a_model_23,1185.28814694631
sampled_1c3a_model_230,1861.4802369381632
sampled_1c3a_model_231,1439.150612648491
sampled_1c3a_model_232,1723.956810557418
sampled_1c3a_model_233,1656.6944683139318
sampled_1c3a_model_234,2068.6119561543255
sampled_1c3a_model_235,1784.9281064448423
sampled_1c3a_model_236,2404.239552495914
sampled_1c3a_model_237,2166.245657655374
sampled_1c3a_model_238,1921.5106430310589
sampled_1c3a_model_239,2079.82498381832
sampled_1c3a_model_24,1375.4078055162336
sampled_1c3a_model_240,2327.904402618029
sampled_1c3a_model_241,2449.201176434515
sampled_1c3a_model_242,2271.1169292653594
sampled_1c3a_model_243,2050.468801159008
sampled_1c3a_model_244,1710.9082826602225
sampled_1c3a_model_245,2033.087394988701
sampled_1c3a_model_246,1778.6646440196491
sampled_1c3a_model_247,2038.1527251156804
sampled_1c3a_model_248,2110.9777856489964
sampled_1c3a_model_249,2397.4702749433673
sampled_1c3a_model_25,1380.0665468688258
sampled_1c3a_model_250,1948.7474342811493
sampled_1c3a_model_251,2512.03301486322
sampled_1c3a_model_252,2198.5031744925363
sampled_1c3a_model_253,2675.359997516647
sampled_1c3a_model_254,1986.193061814074
sampled_1c3a_model_255,2233.021528145371
sampled_1c3a_model_256,3341.9745643620954
sampled_1c3a_model_257,2438.9984032064403
sampled_1c3a_model_258,2598.0905657371277
sampled_1c3a_model_259,2058.4395448601626
sampled_1c3a_model_26,1148.6595712783073
sampled_1c3a_model_260,2160.2264363510785
sampled_1c3a_model_261,2256.8465980753444
sampled_1c3a_model_262,2104.009175148187
sampled_1c3a_model_263,1895.0892511605998
sampled_1c3a_model_264,2450.2030956610233
sampled_1c3a_model_265,2144.2272636023717
sampled_1c3a_model_266,2381.573363067335
sampled_1c3a_model_267,1936.9623428727355
sampled_1c3a_model_268,2377.8288629067156
sampled_1c3a_model_269,1572.585885150931
sampled_1c3a_model_27,560.7031436426114
sampled_1c3a_model_270,2577.5130944022367
sampled_1c3a_model_271,1955.665786353322
sampled_1c3a_model_272,2676.57838369767
sampled_1c3a_model_273,2218.2785544971794
sampled_1c3a_model_274,2083.9053806662323
sampled_1c3a_model_275,2904.445058902009
sampled_1c3a_model_276,2392.6800718959457
sampled_1c3a_model_277,2396.5928007143993
sampled_1c3a_model_278,1956.925165699111
sampled_1c3a_model_279,2175.540263492261
sampled_1c3a_model_28,1450.5307080275124
sampled_1c3a_model_280,2738.678200004024
sampled_1c3a_model_281,2765.033558568166
sampled_1c3a_model_282,2201.448962046459
sampled_1c3a_model_283,2361.371950529392
sampled_1c3a_model_284,2393.6423841796022
sampled_1c3a_model_285,2527.3801961500903
sampled_1c3a_model_286,2221.475096606586
sampled_1c3a_model_287,2608.010046888505
sampled_1c3a_model_288,2536.809305586514
sampled_1c3a_model_289,1800.5852086273226
sampled_1c3a_model_29,2137.969057331853
sampled_1c3a_model_290,2287.379775198553
sampled_1c3a_model_291,2360.038737200721
sampled_1c3a_model_292,1888.7204135697048
sampled_1c3a_model_293,2145.355237741025
sampled_1c3a_model_294,2379.6974535972295
sampled_1c3a_model_295,1938.058546399243
sampled_1c3a_model_296,2661.9092058836995
sampled_1c3a_model_297,2209.7676067257216
sampled_1c3a_model_298,2076.7794151419985
sampled_1c3a_model_299,2043.3324971895963
sampled_1c3a_model_3,1311.2854353957082
sampled_1c3a_model_30,1102.865566241182
sampled_1c3a_model_300,1915.335515959725
sampled_1c3a_model_301,2369.729245713461
sampled_1c3a_model_302,2665.2292922114884
sampled_1c3a_model_303,2900.7309099631475
sampled_1c3a_model_304,2241.422395837746
sampled_1c3a_model_305,2824.812856388511
sampled_1c3a_model_306,3035.812895934947
sampled_1c3a_model_307,2948.389630740852
sampled_1c3a_model_308,2763.7448733556193
sampled_1c3a_model_309,2353.2119060721707
sampled_1c3a_model_31,1698.3263052568545
sampled_1c3a_model_310,2087.2512156504963
sampled_1c3a_model_311,2387.8125143093184
sampled_1c3a_model_312,2587.4315491375673
sampled_1c3a_model_313,2767.277142288727
sampled_1c3a_model_314,3018.434550200058
sampled_1c3a_model_315,2333.4050432660442
sampled_1c3a_model_316,2577.9735949533497
sampled_1c3a_model_317,2240.7740275751894
sampled_1c3a_model_318,2730.055112977794
sampled_1c3a_model_319,2827.52718311022
sampled_1c3a_model_32,1327.3214378328976
sampled_1c3a_model_320,2493.3637120444346
sampled_1c3a_model_321,2860.053894956389
sampled_1c3a_model_322,2790.6786665608397
sampled_1c3a_model_323,1986.5196235587846
sampled_1c3a_model_324,2307.2551425908187
sampled_1c3a_model_325,2311.3927832235095
sampled_1c3a_model_326,2507.023110727576
sampled_1c3a_model_327,2305.9905442478066
sampled_1c3a_model_328,2323.669386073554
sampled_1c3a_model_329,2147.5264435517965
sampled_1c3a_model_33,1211.419540490786
sampled_1c3a_model_330,2239.0178492432406
sampled_1c3a_model_331,2081.5582433551117
sampled_1c3a_model_332,2374.9449862974798
sampled_1c3a_model_333,1809.4015242352561
sampled_1c3a_model_334,2929.8588728344766
sampled_1c3a_model_335,2538.7205351099565
sampled_1c3a_model_336,2362.079049633914
sampled_1c3a_model_337,2268.7915678795853
sampled_1c3a_model_338,2702.041301006857
sampled_1c3a_model_339,2166.7214710236785
sampled_1c3a_model_34,1885.7197055673096
sampled_1c3a_model_340,2751.3739046171704
sampled_1c3a_model_341,2563.8101015003504
sampled_1c3a_model_342,2468.7430621988788
sampled_1c3a_model_343,2595.3889595703877
sampled_1c3a_model_344,2830.8026420060924
sampled_1c3a_model_345,2852.623271925535
sampled_1c3a_model_346,2132.6383017863864
sampled_1c3a_model_347,2143.5495302959043
sampled_1c3a_model_348,2373.946848224792
sampled_1c3a_model_349,2192.571209255888
sampled_1c3a_model_35,1488.3451376044486
sampled_1c3a_model_350,2567.0287327478727
sampled_1c3a_model_351,2175.7675980351523
sampled_1c3a_model_352,2542.7683978545465
sampled_1c3a_model_353,2447.271641520505
sampled_1c3a_model_354,2757.7575944017626
sampled_1c3a_model_355,2614.8485850023626
sampled_1c3a_model_356,2294.832055039791
sampled_1c3a_model_357,2780.8153159150424
sampled_1c3a_model_358,2838.6599784870486
sampled_1c3a_model_359,2453.2953853624404
sampled_1c3a_model_36,1263.2810423229967
sampled_1c3a_model_360,2893.4764892214607
sampled_1c3a_model_361,2693.6910333878513
sampled_1c3a_model_362,2635.054434727326
sampled_1c3a_model_363,3007.6390868846265
sampled_1c3a_model_364,2735.9918684049244
sampled_1c3a_model_365,2796.508410603845
sampled_1c3a_model_366,2589.9063710658156
sampled_1c3a_model_367,2512.2015303132575
sampled_1c3a_model_368,2478.6094187268263
sampled_1c3a_model_369,2878.5968978106957
sampled_1c3a_model_37,1622.1419110378483
sampled_1c3a_model_370,2872.8696493760835
sampled_1c3a_model_371,2923.983528307419
sampled_1c3a_model_372,2576.32222167076
sampled_1c3a_model_373,2370.345455141185
sampled_1c3a_model_374,2726.5038623624296
sampled_1c3a_model_375,2239.5344378658683
sampled_1c3a_model_376,2886.183998144521
sampled_1c3a_model_377,2856.2782999656047
sampled_1c3a_model_378,2492.996603415748
sampled_1c3a_model_379,2471.8828170762445
sampled_1c3a_model_38,871.7849621929545
sampled_1c3a_model_380,2635.4921603410894
sampled_1c3a_model_381,2389.896028387302
sampled_1c3a_model_382,2907.915525923823
sampled_1c3a_model_383,2854.821835204768
sampled_1c3a_model_384,2954.025972146601
sampled_1c3a_model_385,2628.7837356641176
sampled_1c3a_model_386,2960.3847743734077
sampled_1c3a_model_387,2206.7236316118597
sampled_1c3a_model_388,3048.427867091572
sampled_1c3a_model_389,2663.8630793146003
sampled_1c3a_model_39,1040.4891493183313
sampled_1c3a_model_390,2783.907704574789
sampled_1c3a_model_391,2568.907931243135
sampled_1c3a_model_392,2661.3753898197374
sampled_1c3a_model_393,2440.729789430712
sampled_1c3a_model_394,2782.5575199913837
sampled_1c3a_model_395,2479.3018272797344
sampled_1c3a_model_396,3088.5846814697106
sampled_1c3a_model_397,2877.8571171249914
sampled_1c3a_model_398,3001.3518420863147
sampled_1c3a_model_399,2325.8300802650065
sampled_1c3a_model_4,920.9271037391009
sampled_1c3a_model_40,1080.1296528212388
sampled_1c3a_model_400,2261.221951630345
sampled_1c3a_model_401,3307.694063003626
sampled_1c3a_model_402,2288.919573328947
sampled_1c3a_model_403,2477.8287201364565
sampled_1c3a_model_404,3035.484563415328
sampled_1c3a_model_405,2723.0812557466706
sampled_1c3a_model_406,2935.2603549026207
sampled_1c3a_model_407,2777.171078681953
sampled_1c3a_model_408,3050.604476762088
sampled_1c3a_model_409,3277.2549609644666
sampled_1c3a_model_41,1354.1537590352564
sampled_1c3a_model_410,3100.1029054841056
sampled_1c3a_model_411,3192.599936407614
sampled_1c3a_model_412,2756.324402833996
sampled_1c3a_model_413,2334.8178826708136
sampled_1c3a_model_414,2996.8665595697057
sampled_1c3a_model_415,2499.1263750207236
sampled_1c3a_model_416,2834.5682918146067
sampled_1c3a_model_417,2742.1370620888974
sampled_1c3a_model_418,3236.331564431148
sampled_1c3a_model_419,2921.2616892913684
sampled_1c3a_model_42,1755.8016848694078
sampled_1c3a_model_420,2797.0321483833686
sampled_1c3a_model_421,2738.4368342037924
sampled_1c3a_model_422,2897.3261401063337
sampled_1c3a_model_423,2901.9988284790597
sampled_1c3a_model_424,2945.7956981401767
sampled_1c3a_model_425,2745.2388596854616
sampled_1c3a_model_426,3043.9107876595717
sampled_1c3a_model_427,3485.6344846117936
sampled_1c3a_model_428,2899.9704579267236
sampled_1c3a_model_429,3106.4796016182518
sampled_1c3a_model_43,1292.42208855623
sampled_1c3a_model_430,2574.605316822697
sampled_1c3a_model_431,2778.830794623256
sampled_1c3a_model_432,3031.6714637847763
sampled_1c3a_model_433,3162.283643939287
sampled_1c3a_model_434,2715.7437925093163
sampled_1c3a_model_435,2646.7890663224916
sampled_1c3a_model_436,2742.5136343755184
sampled_1c3a_model_437,2841.6453777293227
sampled_1c3a_model_438,2461.46224703229
sampled_1c3a_model_439,2778.0290474639824
sampled_1c3a_model_44,1468.9400535738623
sampled_1c3a_model_440,2837.672253964649
sampled_1c3a_model_441,3013.8555076294215
sampled_1c3a_model_442,3132.120075702129
sampled_1c3a_model_443,2896.281945114595
sampled_1c3a_model_444,2819.2687449933655
sampled_1c3a_model_445,2875.917801603622
sampled_1c3a_model_446,2889.3968528165988
sampled_1c3a_model_447,2756.771590449287
sampled_1c3a_model_448,2721.847425126356
sampled_1c3a_model_449,2837.43651199745
sampled_1c3a_model_45,1474.0761315662803
sampled_1c3a_model_450,3456.078715812273
sampled_1c3a_model_451,2960.208786695237
sampled_1c3a_model_452,2881.1591308530715
sampled_1c3a_model_453,3076.0529578016412
sampled_1c3a_model_454,3455.8491561039045
sampled_1c3a_model_455,3101.233730468968
sampled_1c3a_model_456,2846.304127185209
sampled_1c3a_model_457,3467.43110490411
sampled_1c3a_model_458,2829.1541483712863
sampled_1c3a_model_459,2655.636934448412
sampled_1c3a_model_46,1414.3883580300462
sampled_1c3a_model_460,3166.2290323255675
sampled_1c3a_model_461,3540.0931614763376
sampled_1c3a_model_462,3119.358590957376
sampled_1c3a_model_463,2852.5777932887813
sampled_1c3a_model_464,2850.5553013286044
sampled_1c3a_model_465,3060.2333144546537
sampled_1c3a_model_466,2850.4152514104862
sampled_1c3a_model_467,3216.763154209413
sampled_1c3a_model_468,3182.812030415209
sampled_1c3a_model_469,3336.2820338852907
sampled_1c3a_model_47,1836.7057639708528
sampled_1c3a_model_470,3191.2340953031453
sampled_1c3a_model_471,2797.0110445848186
sampled_1c3a_model_472,3376.7205542350057
sampled_1c3a_model_473,3302.402769884351
sampled_1c3a_model_474,3272.5669266091827
sampled_1c3a_model_475,2979.6023771516284
sampled_1c3a_model_476,2921.811055294589
sampled_1c3a_model_477,2880.8873119835225
sampled_1c3a_model_478,2870.562340842829
sampled_1c3a_model_479,3061.0089876069105
sampled_1c3a_model_48,1511.7210068242384
sampled_1c3a_model_480,2845.1211990113134
sampled_1c3a_model_481,3202.554858812344
sampled_1c3a_model_482,3145.225306499864
sampled_1c3a_model_483,2988.844546034945
sampled_1c3a_model_484,2966.9933503943485
sampled_1c3a_model_485,3253.959911213484
sampled_1c3a_model_486,2840.9706213063546
sampled_1c3a_model_487,2854.860845107145
sampled_1c3a_model_488,3121.112553460045
sampled_1c3a_model_489,3139.2927447757265
sampled_1c3a_model_49,1273.3695430598782
sampled_1c3a_model_490,2929.810708892899
sampled_1c3a_model_491,3359.601873248499
sampled_1c3a_model_492,2845.7856479092206
sampled_1c3a_model_493,3217.5456840877905
sampled_1c3a_model_494,3091.639888282296
sampled_1c3a_model_495,3488.8333666547824
sampled_1c3a_model_496,2907.9056775250065
sampled_1c3a_model_497,2909.782024450904
sampled_1c3a_model_498,3068.1915291163314
sampled_1c3a_model_499,3019.19364652042
sampled_1c3a_model_5,861.3071767203855
sampled_1c3a_model_50,1340.8840032007047
sampled_1c3a_model_500,3501.675805511297
sampled_1c3a_model_501,2979.4452600764525
sampled_1c3a_model_502,3143.3055146147926
sampled_1c3a_model_503,3464.3701982686507
sampled_1c3a_model_504,3144.7116859668167
sampled_1c3a_model_505,3081.7146594060578
sampled_1c3a_model_506,3533.8746346998087
sampled_1c3a_model_507,3280.5537907098533
sampled_1c3a_model_508,3152.3371124816094
sampled_1c3a_model_509,3178.333560258159
sampled_1c3a_model_51,2643.196466198953
sampled_1c3a_model_510,3317.1884847593083
sampled_1c3a_model_511,3481.4018850458815
sampled_1c3a_model_512,3028.5793287778215
sampled_1c3a_model_513,3826.5317992932705
sampled_1c3a_model_514,3492.662709306269
sampled_1c3a_model_515,2850.2552461668674
sampled_1c3a_model_516,3062.2787280410976
sampled_1c3a_model_517,3549.395077373054
sampled_1c3a_model_518,3270.9529803559726
sampled_1c3a_model_519,2878.857304601286
sampled_1c3a_model_52,1152.762292211255
sampled_1c3a_model_520,3081.438726998891
sampled_1c3a_model_521,3141.5416440282843
sampled_1c3a_model_522,3185.1407018471964
sampled_1c3a_model_523,2944.555992641297
sampled_1c3a_model_524,3548.9568167621073
sampled_1c3a_model_525,2882.2270433742433
sampled_1c3a_model_526,3194.7750811790593
sampled_1c3a_model_527,3369.318546487433
sampled_1c3a_model_528,3122.496173200054
sampled_1c3a_model_529,3073.899041306624
sampled_1c3a_model_53,1746.6907697509669
sampled_1c3a_model_530,3541.8672036311236
sampled_1c3a_model_531,3448.8685415497566
sampled_1c3a_model_532,3353.6512334052677
sampled_1c3a_model_533,3222.934514666733
sampled_1c3a_model_534,2992.036341038027
sampled_1c3a_model_535,3449.007810315168
sampled_1c3a_model_536,2997.5028393899956
sampled_1c3a_model_537,3465.8225220257555
sampled_1c3a_model_538,2923.072910558314
sampled_1c3a_model_539,3361.7887431511044
sampled_1c3a_model_54,1185.4978389862426
sampled_1c3a_model_540,3026.6811415980283
sampled_1c3a_model_541,3042.906822211313
sampled_1c3a_model_542,2994.642394876919
sampled_1c3a_model_543,3196.824372685831
sampled_1c3a_model_544,2986.320930738706
sampled_1c3a_model_545,3084.230608896856
sampled_1c3a_model_546,2988.822756981206
sampled_1c3a_model_547,3388.1738842152427
sampled_1c3a_model_548,2994.6622090080054
sampled_1c3a_model_549,3359.8757196954593
sampled_1c3a_model_55,2224.781019784963
sampled_1c3a_model_550,3027.4833824909692
sampled_1c3a_model_551,3299.1681934190947
sampled_1c3a_model_552,3421.4634675267644
sampled_1c3a_model_553,3159.336540812801
sampled_1c3a_model_554,3224.1914987753808
sampled_1c3a_model_555,3311.8090130169894
sampled_1c3a_model_556,3081.083596247696
sampled_1c3a_model_557,3433.674606052231
sampled_1c3a_model_558,3170.8323672529586
sampled_1c3a_model_559,3379.131518561029
sampled_1c3a_model_56,1722.7239073516503
sampled_1c3a_model_560,3447.589922439707
sampled_1c3a_model_561,3411.3023088488353
sampled_1c3a_model_562,3515.844415346144
sampled_1c3a_model_563,3536.0118112372547
sampled_1c3a_model_564,3254.7484355607885
sampled_1c3a_model_565,3439.9647850447127
sampled_1c3a_model_566,3392.234424004768
sampled_1c3a_model_567,3266.0656710494895
sampled_1c3a_model_568,3335.160357357714
sampled_1c3a_model_569,3058.8823169379557
sampled_1c3a_model_57,1854.0127130380242
sampled_1c3a_model_570,3522.823104866635
sampled_1c3a_model_571,3325.342862131096
sampled_1c3a_model_572,3322.228775067186
sampled_1c3a_model_573,3522.521039031457
sampled_1c3a_model_574,3362.803488840267
sampled_1c3a_model_575,3209.5418027267933
sampled_1c3a_model_576,3523.681233527961
sampled_1c3a_model_577,3200.450116685837
sampled_1c3a_model_578,3245.4652151062346
sampled_1c3a_model_579,3139.546888930532
sampled_1c3a_model_58,1033.755418884717
sampled_1c3a_model_580,3227.7582942974605
sampled_1c3a_model_581,3293.7676045701883
sampled_1c3a_model_582,3035.6846051526663
sampled_1c3a_model_583,3442.252818161245
sampled_1c3a_model_584,3451.9894863691898
sampled_1c3a_model_585,3235.994760285803
sampled_1c3a_model_586,3366.9625638422203
sampled_1c3a_model_587,3599.9243023318395
sampled_1c3a_model_588,3163.616437113127
sampled_1c3a_model_589,2942.3692466956018
sampled_1c3a_model_59,1882.476457211731
sampled_1c3a_model_590,3391.9036753638957
sampled_1c3a_model_591,3099.0300436745183
sampled_1c3a_model_592,3399.8178759789425
sampled_1c3a_model_593,3135.712342241188
sampled_1c3a_model_594,3109.7313948837946
sampled_1c3a_model_595,3103.6682480184663
sampled_1c3a_model_596,3273.102222688023
sampled_1c3a_model_597,3372.334305651553
sampled_1c3a_model_598,3375.2128680743845
sampled_1c3a_model_599,3601.461790056728
sampled_1c3a_model_6,1121.4317302286308
sampled_1c3a_model_60,1870.7074386463173
sampled_1c3a_model_600,3427.7624492786
sampled_1c3a_model_601,3368.5977118097144
sampled_1c3a_model_602,3361.529848090988
sampled_1c3a_model_603,3399.7468705603424
sampled_1c3a_model_604,3671.3251237852364
sampled_1c3a_model_605,3460.043587458713
sampled_1c3a_model_606,2891.818351909791
sampled_1c3a_model_607,3172.8208961644705
sampled_1c3a_model_608,3196.3096370375824
sampled_1c3a_model_609,3447.289713443939
sampled_1c3a_model_61,2188.3804727276056
sampled_1c3a_model_610,3434.235468027955
sampled_1c3a_model_611,3552.854677544523
sampled_1c3a_model_612,3208.7023861265334
sampled_1c3a_model_613,3522.2693143202505
sampled_1c3a_model_614,3001.0171241775206
sampled_1c3a_model_615,3510.9945919056754
sampled_1c3a_model_616,3645.5640563328907
sampled_1c3a_model_617,3718.7369524593487
sampled_1c3a_model_618,3268.3123713749847
sampled_1c3a_model_619,3443.614115723338
sampled_1c3a_model_62,1526.9734380117734
sampled_1c3a_model_620,3545.3564425859113
sampled_1c3a_model_621,3174.0547929569766
sampled_1c3a_model_622,3425.258088729315
sampled_1c3a_model_623,3186.823185529198
sampled_1c3a_model_624,3140.880959928989
sampled_1c3a_model_625,3487.1444840839504
sampled_1c3a_model_626,3460.4642777579993
sampled_1c3a_model_627,3508.9514013717417
sampled_1c3a_model_628,3514.164457417264
sampled_1c3a_model_629,3387.9292602765236
sampled_1c3a_model_63,1987.3569226525415
sampled_1c3a_model_630,2801.341972542621
sampled_1c3a_model_631,3369.788842703125
sampled_1c3a_model_632,3312.022134040775
sampled_1c3a_model_633,3775.78919919329
sampled_1c3a_model_634,3389.3315211960507
sampled_1c3a_model_635,3144.7315124662928
sampled_1c3a_model_636,3590.206013354311
sampled_1c3a_model_637,3449.07424465254
sampled_1c3a_model_638,3082.3982683963004
sampled_1c3a_model_639,3206.853334944728
sampled_1c3a_model_64,2026.1776704921394
sampled_1c3a_model_640,3487.572247635715
sampled_1c3a_model_641,3277.214093665276
sampled_1c3a_model_642,3335.4968184486206
sampled_1c3a_model_643,3562.414377374158
sampled_1c3a_model_644,3200.930716559833
sampled_1c3a_model_645,3404.472319304652
sampled_1c3a_model_646,3515.6521001471083
sampled_1c3a_model_647,3519.9850308172136
sampled_1c3a_model_648,3404.157823952948
sampled_1c3a_model_649,3449.94295793974
sampled_1c3a_model_65,1555.9818349936832
sampled_1c3a_model_650,3343.1917807114423
sampled_1c3a_model_651,3425.194540431503
sampled_1c3a_model_652,3588.7774228469116
sampled_1c3a_model_653,3493.689616896996
sampled_1c3a_model_654,3528.683178812038
sampled_1c3a_model_655,3672.951154721528
sampled_1c3a_model_656,3545.197818166611
sampled_1c3a_model_657,3761.1737233817094
sampled_1c3a_model_658,3500.45800056408
sampled_1c3a_model_659,3642.2350914955023
sampled_1c3a_model_66,1274.487802044996
sampled_1c3a_model_660,3571.760096817292
sampled_1c3a_model_661,3372.4859760395975
sampled_1c3a_model_662,3442.5493545287354
sampled_1c3a_model_663,3660.7573572735637
sampled_1c3a_model_664,3445.2730271231158
sampled_1c3a_model_665,3617.5809185798935
sampled_1c3a_model_666,3111.3793423499246
sampled_1c3a_model_667,3266.848926872952
sampled_1c3a_model_668,3314.3645325442467
sampled_1c3a_model_669,3541.0746220428337
sampled_1c3a_model_67,1696.1650672390133
sampled_1c3a_model_670,3539.0441863855813
sampled_1c3a_model_671,3468.4758856657663
sampled_1c3a_model_672,3533.514100465398
sampled_1c3a_model_673,3796.2373716316706
sampled_1c3a_model_674,3594.362084360986
sampled_1c3a_model_675,3280.043060824233
sampled_1c3a_model_676,3542.648889927361
sampled_1c3a_model_677,3341.7449555520325
sampled_1c3a_model_678,3484.4430855565424
sampled_1c3a_model_679,3450.5992436085926
sampled_1c3a_model_68,1970.7267573717436
sampled_1c3a_model_680,3364.4622397899293
sampled_1c3a_model_681,3670.579725626587
sampled_1c3a_model_682,3590.0263382205358
sampled_1c3a_model_683,3322.2159633092488
sampled_1c3a_model_684,3518.750442609753
sampled_1c3a_model_685,3553.5444440738556
sampled_1c3a_model_686,3599.592760682368
sampled_1c3a_model_687,3438.4579733149567
sampled_1c3a_model_688,3616.0601196596926
sampled_1c3a_model_689,3694.5418183870024
sampled_1c3a_model_69,1606.2280333336766
sampled_1c3a_model_690,3299.630046573975
sampled_1c3a_model_691,3365.5397254612726
sampled_1c3a_model_692,3465.034753856493
sampled_1c3a_model_693,3583.0449038942043
sampled_1c3a_model_694,3396.3222207043254
sampled_1c3a_model_695,3396.2791033122994
sampled_1c3a_model_696,3436.6527711003873
sampled_1c3a_model_697,3605.175978362835
sampled_1c3a_model_698,3147.663880490789
sampled_1c3a_model_699,3612.663191881167
sampled_1c3a_model_7,1445.5338915612538
sampled_1c3a_model_70,1841.4666219444898
sampled_1c3a_model_700,3455.97603816648
sampled_1c3a_model_701,3590.2882664510016
sampled_1c3a_model_702,3548.2251070790608
sampled_1c3a_model_703,3719.7875540157565
sampled_1c3a_model_704,3309.1129288892207
sampled_1c3a_model_705,3517.1627744890593
sampled_1c3a_model_706,3553.350180972049
sampled_1c3a_model_707,3787.524671846544
sampled_1c3a_model_708,3467.8370280522886
sampled_1c3a_model_709,3498.9780351019
sampled_1c3a_model_71,953.0113094181324
sampled_1c3a_model_710,3398.5128595116894
sampled_1c3a_model_711,3609.984708999931
sampled_1c3a_model_712,3585.8120324524516
sampled_1c3a_model_713,3560.032503852246
sampled_1c3a_model_714,3511.6977708900286
sampled_1c3a_model_715,3633.290936295387
sampled_1c3a_model_716,3377.231785169888
sampled_1c3a_model_717,3534.488369389619
sampled_1c3a_model_718,3599.8600964238594
sampled_1c3a_model_719,3393.957725301956
sampled_1c3a_model_72,1284.6956346551287
sampled_1c3a_model_720,3478.54669230559
sampled_1c3a_model_721,3592.3032915305776
sampled_1c3a_model_722,3671.279542748949
sampled_1c3a_model_723,3677.8972382699885
sampled_1c3a_model_724,3407.9006056024264
sampled_1c3a_model_725,3644.4634610329213
sampled_1c3a_model_726,3421.5161681566005
sampled_1c3a_model_727,3555.1144426141072
sampled_1c3a_model_728,3614.0420986091704
sampled_1c3a_model_729,3579.1752414712064
sampled_1c3a_model_73,1574.5002259940993
sampled_1c3a_model_730,3529.0975928831886
sampled_1c3a_model_731,3377.3054490868617
sampled_1c3a_model_732,3742.988455311499
sampled_1c3a_model_733,3532.688760593377
sampled_1c3a_model_734,3486.1314974533543
sampled_1c3a_model_735,3514.395910021796
sampled_1c3a_model_736,3591.444398995025
sampled_1c3a_model_737,3413.367010926444
sampled_1c3a_model_738,3555.995698345081
sampled_1c3a_model_739,3531.603994184694
sampled_1c3a_model_74,1400.7382964745193
sampled_1c3a_model_740,3454.0607294176334
sampled_1c3a_model_741,3396.6106091485144
sampled_1c3a_model_742,3573.80543040854
sampled_1c3a_model_743,3571.7526623053236
sampled_1c3a_model_744,3483.9564085335533
sampled_1c3a_model_745,3521.607099650799
sampled_1c3a_model_746,3438.294118938791
sampled_1c3a_model_747,3690.7596908354444
sampled_1c3a_model_748,3569.701856431062
sampled_1c3a_model_749,3652.195942784474
sampled_1c3a_model_75,1904.151201264176
sampled_1c3a_model_750,3488.276028550672
sampled_1c3a_model_751,3441.623999350044
sampled_1c3a_model_752,3486.992363034058
sampled_1c3a_model_753,3490.4188927257255
sampled_1c3a_model_754,3508.1595286303873
sampled_1c3a_model_755,3546.4082471957263
sampled_1c3a_model_756,3445.8640673926966
sampled_1c3a_model_757,3467.0718142809583
sampled_1c3a_model_758,3526.1429412923353
sampled_1c3a_model_759,3482.212593186925
sampled_1c3a_model_76,1859.2778161269052
sampled_1c3a_model_760,3585.2597438692137
sampled_1c3a_model_761,3446.0114636578273
sampled_1c3a_model_762,3616.8641219483416
sampled_1c3a_model_763,3501.1579852617924
sampled_1c3a_model_764,3639.2237359995615
sampled_1c3a_model_765,3605.43716676029
sampled_1c3a_model_766,3651.834793703729
sampled_1c3a_model_767,3564.2496352498874
sampled_1c3a_model_768,3512.6651647765993
sampled_1c3a_model_769,3693.5233202685795
sampled_1c3a_model_77,2132.58309277202
sampled_1c3a_model_770,3405.9240629799424
sampled_1c3a_model_771,3637.393368762865
sampled_1c3a_model_772,3549.595032564577
sampled_1c3a_model_773,3587.219115866199
sampled_1c3a_model_774,3554.9462537644467
sampled_1c3a_model_775,3686.512028078818
sampled_1c3a_model_776,3654.64679577871
sampled_1c3a_model_777,3581.4726916797135
sampled_1c3a_model_778,3478.375010949432
sampled_1c3a_model_779,3479.6024360012834
sampled_1c3a_model_78,1111.549538264213
sampled_1c3a_model_780,3422.545280730046
sampled_1c3a_model_781,3684.7669689764807
sampled_1c3a_model_782,3583.2359625843837
sampled_1c3a_model_783,3621.244435782033
sampled_1c3a_model_784,3554.3223289173184
sampled_1c3a_model_785,3509.9786089722074
sampled_1c3a_model_786,3670.7682886682887
sampled_1c3a_model_787,3524.7834173340925
sampled_1c3a_model_788,3894.764307493755
sampled_1c3a_model_789,3536.2610367579928
sampled_1c3a_model_79,1373.5258306677479
sampled_1c3a_model_790,3473.672951552797
sampled_1c3a_model_791,3484.0237124954583
sampled_1c3a_model_792,3462.862693506053
sampled_1c3a_model_793,3474.59575322029
sampled_1c3a_model_794,3451.1941007047153
sampled_1c3a_model_795,3574.919047961348
sampled_1c3a_model_796,3562.8489329400436
sampled_1c3a_model_797,3556.028259830915
sampled_1c3a_model_798,3567.0114895301085
sampled_1c3a_model_799,3657.453609935137
sampled_1c3a_model_8,1042.810500639278
sampled_1c3a_model_80,1775.040060195006
sampled_1c3a_model_800,3644.636930942883
sampled_1c3a_model_801,3580.190012939349
sampled_1c3a_model_802,3528.78491725361
sampled_1c3a_model_803,3609.446287796385
sampled_1c3a_model_804,3659.649906303106
sampled_1c3a_model_805,3472.885589398984
sampled_1c3a_model_806,3584.861625638612
sampled_1c3a_model_807,3627.8716646231605
sampled_1c3a_model_808,3486.5673897163306
sampled_1c3a_model_809,3565.5825854515642
sampled_1c3a_model_81,1214.3852702613458
sampled_1c3a_model_810,3588.214788064992
sampled_1c3a_model_811,3447.1331568369496
sampled_1c3a_model_812,3476.8616392131207
sampled_1c3a_model_813,3707.5537399115383
sampled_1c3a_model_814,3558.7207847305835
sampled_1c3a_model_815,3489.6988242908046
sampled_1c3a_model_816,3603.64139841207
sampled_1c3a_model_817,3638.7777721143702
sampled_1c3a_model_818,3498.0641857419614
sampled_1c3a_model_819,3553.763935421326
sampled_1c3a_model_82,980.0904340913985
sampled_1c3a_model_820,3478.3044307080127
sampled_1c3a_model_821,3525.102572965503
sampled_1c3a_model_822,3701.897341671507
sampled_1c3a_model_823,3639.2105593048145
sampled_1c3a_model_824,3501.4949593760284
sampled_1c3a_model_825,3540.768970092844
sampled_1c3a_model_826,3627.5734419682085
sampled_1c3a_model_827,3591.6425104379723
sampled_1c3a_model_828,3581.917999122361
sampled_1c3a_model_829,3515.7910492750852
sampled_1c3a_model_83,1720.7942460851427
sampled_1c3a_model_830,3599.437734363033
sampled_1c3a_model_831,3452.721939363895
sampled_1c3a_model_832,3478.4942971150977
sampled_1c3a_model_833,3503.6192820639535
sampled_1c3a_model_834,3672.3925429656865
sampled_1c3a_model_835,3651.480316278219
sampled_1c3a_model_836,3664.1820294061017
sampled_1c3a_model_837,3665.607828456128
sampled_1c3a_model_838,3447.565369017386
sampled_1c3a_model_839,3499.9850022335304
sampled_1c3a_model_84,1394.0823661183895
sampled_1c3a_model_840,3529.4789988204375
sampled_1c3a_model_841,3414.824464344705
sampled_1c3a_model_842,3691.8911184530607
sampled_1c3a_model_843,3393.2656183449326
sampled_1c3a_model_844,3576.8988416380853
sampled_1c3a_model_845,3498.553861334123
sampled_1c3a_model_846,3376.4686268787773
sampled_1c3a_model_847,3479.5881709888963
sampled_1c3a_model_848,3633.663384206393
sampled_1c3a_model_849,3681.949797612935
sampled_1c3a_model_85,1867.7688210618835
sampled_1c3a_model_850,3576.290567503638
sampled_1c3a_model_851,3599.4586011326337
sampled_1c3a_model_852,3597.6831515992853
sampled_1c3a_model_853,3590.61098224791
sampled_1c3a_model_854,3569.642580361082
sampled_1c3a_model_855,3751.409126334709
sampled_1c3a_model_856,3536.5753304407863
sampled_1c3a_model_857,3641.1893864396625
sampled_1c3a_model_858,3596.5504139183704
sampled_1c3a_model_859,3535.8701225514815
sampled_1c3a_model_86,1570.0769119614488
sampled_1c3a_model_860,3552.786469089475
sampled_1c3a_model_861,3574.0091492608753
sampled_1c3a_model_862,3538.8265073258317
sampled_1c3a_model_863,3566.290373545993
sampled_1c3a_model_864,3629.1371692551893
sampled_1c3a_model_865,3495.5132108641574
sampled_1c3a_model_866,3598.7273119652345
sampled_1c3a_model_867,3587.8346014566887
sampled_1c3a_model_868,3579.74585667642
sampled_1c3a_model_869,3558.292032408717
sampled_1c3a_model_87,1190.5545099462197
sampled_1c3a_model_870,3502.033623893667
sampled_1c3a_model_871,3520.9612330488344
sampled_1c3a_model_872,3619.320656380023
sampled_1c3a_model_873,3584.1663334041987
sampled_1c3a_model_874,3605.9161356014465
sampled_1c3a_model_875,3560.384077525223
sampled_1c3a_model_876,3608.720039048125
sampled_1c3a_model_877,3679.7830815315556
sampled_1c3a_model_878,3611.5713886823432
sampled_1c3a_model_879,3640.5920425623517
sampled_1c3a_model_88,1963.2997242157799
sampled_1c3a_model_880,3675.9918610153018
sampled_1c3a_model_881,3655.6216124782077
sampled_1c3a_model_882,3482.3878704997205
sampled_1c3a_model_883,3616.9207093472196
sampled_1c3a_model_884,3672.8520703279682
sampled_1c3a_model_885,3552.7626698432814
sampled_1c3a_model_886,3657.2720737850377
sampled_1c3a_model_887,3459.4245475681055
sampled_1c3a_model_888,3710.5358803964755
sampled_1c3a_model_889,3705.4733918901384
sampled_1c3a_model_89,1480.836790344838
sampled_1c3a_model_890,3476.154418116452
sampled_1c3a_model_891,3588.2589633337047
sampled_1c3a_model_892,3544.0961413051136
sampled_1c3a_model_893,3508.5948326894413
sampled_1c3a_model_894,3458.4661526649616
sampled_1c3a_model_895,3622.0025151106092
sampled_1c3a_model_896,3636.1653635913335
sampled_1c3a_model_897,3677.5065679891286
sampled_1c3a_model_898,3557.228643638913
sampled_1c3a_model_899,3635.9487614954433
sampled_1c3a_model_9,1262.1067505985193
sampled_1c3a_model_90,2115.012984833409
sampled_1c3a_model_900,3514.143275619297
sampled_1c3a_model_901,3561.6275817348287
sampled_1c3a_model_902,3592.8405679556345
sampled_1c3a_model_903,3607.693934625655
sampled_1c3a_model_904,3702.878729334565
sampled_1c3a_model_905,3605.29374472125
sampled_1c3a_model_906,3627.750627581361
sampled_1c3a_model_907,3540.0436587948807
sampled_1c3a_model_908,3659.963917570145
sampled_1c3a_model_909,3740.886718605694
sampled_1c3a_model_91,1759.0636438903675
sampled_1c3a_model_910,3592.654905558835
sampled_1c3a_model_911,3605.6139765584394
sampled_1c3a_model_912,3563.3312592517595
sampled_1c3a_model_913,3543.895364254169
sampled_1c3a_model_914,3606.2489721903075
sampled_1c3a_model_915,3546.7655417528804
sampled_1c3a_model_916,3464.7969361161195
sampled_1c3a_model_917,3549.194272104238
sampled_1c3a_model_92,1615.3882762248722
sampled_1c3a_model_93,1690.376544362858
sampled_1c3a_model_94,2379.795230178981
sampled_1c3a_model_95,1685.8886854008215
sampled_1c3a_model_96,1461.6028412953328
sampled_1c3a_model_97,1155.6033521880872
sampled_1c3a_model_98,1698.129375336177
sampled_1c3a_model_99,1672.4647521299576
random_1c3a_model_1,1612.7774133783805
random_1c3a_model_10,891.5308107387882
random_1c3a_model_100,1669.1162383139144
random_1c3a_model_1000,1345.4957653113652
random_1c3a_model_101,812.2648953953703
random_1c3a_model_102,1572.2395314324094
random_1c3a_model_103,1123.6163366420424
random_1c3a_model_104,1091.1169161836915
random_1c3a_model_105,1403.0691167021032
random_1c3a_model_106,1325.1682290944682
random_1c3a_model_107,903.9051660327787
random_1c3a_model_108,1359.917651783384
random_1c3a_model_109,1228.5876253208262
random_1c3a_model_11,1869.023089443006
random_1c3a_model_110,2016.6100276651923
random_1c3a_model_111,1859.3805353768184
random_1c3a_model_112,1602.6204616384803
random_1c3a_model_113,1219.0527395116205
random_1c3a_model_114,1635.6517221357226
random_1c3a_model_115,1785.9134421568124
random_1c3a_model_116,1181.069045271166
random_1c3a_model_117,1702.6041839984246
random_1c3a_model_118,1014.1352078992622
random_1c3a_model_119,1237.2427347740304
random_1c3a_model_12,1797.7795045952462
random_1c3a_model_120,1124.8155160987462
random_1c3a_model_121,1778.1555977596836
random_1c3a_model_122,1031.6483381153303
random_1c3a_model_123,1202.0524008172852
random_1c3a_model_124,1325.52815810203
random_1c3a_model_125,1397.8459791222413
random_1c3a_model_126,1040.6675130462427
random_1c3a_model_127,1488.4097304474471
random_1c3a_model_128,1980.4906493132276
random_1c3a_model_129,1176.4459018671478
random_1c3a_model_13,736.700576020643
random_1c3a_model_130,1394.6875885267218
random_1c3a_model_131,1425.1271279028933
random_1c3a_model_132,1080.2480155792055
random_1c3a_model_133,1467.765707552182
random_1c3a_model_134,1250.5652349823104
random_1c3a_model_135,673.4517127483305
random_1c3a_model_136,1634.6657781925114
random_1c3a_model_137,1530.083599534304
random_1c3a_model_138,1154.1197863646848
random_1c3a_model_139,1866.5770442385638
random_1c3a_model_14,954.2011363203492
random_1c3a_model_140,1660.1456280459151
random_1c3a_model_141,1258.2571089128287
random_1c3a_model_142,1008.719881628951
random_1c3a_model_143,1463.6680959530986
random_1c3a_model_144,1233.6218067716109
random_1c3a_model_145,1051.806263755565
random_1c3a_model_146,1872.6201730320863
random_1c3a_model_147,774.6677041255971
random_1c3a_model_148,958.4501340751212
random_1c3a_model_149,1701.9023124584182
random_1c3a_model_15,2229.831095803109
random_1c3a_model_150,1103.1085648612116
random_1c3a_model_151,1598.9455705143846
random_1c3a_model_152,1427.0443659441517
random_1c3a_model_153,1233.6972482643287
random_1c3a_model_154,839.4234807084486
random_1c3a_model_155,1402.8229089194647
random_1c3a_model_156,1395.1633228272458
random_1c3a_model_157,2548.5352544609887
random_1c3a_model_158,1376.4549020036739
random_1c3a_model_159,1708.307964041407
random_1c3a_model_16,1392.714532598353
random_1c3a_model_160,1518.6005224407745
random_1c3a_model_161,1332.7118919918612
random_1c3a_model_162,2289.4792160492343
random_1c3a_model_163,1306.3032307312114
random_1c3a_model_164,1671.9413367225388
random_1c3a_model_165,1093.588770000828
random_1c3a_model_166,1054.332665590504
random_1c3a_model_167,1304.121340881331
random_1c3a_model_168,1103.4191395965427
random_1c3a_model_169,1443.9012050838446
random_1c3a_model_17,2564.20202491302
random_1c3a_model_170,1551.0153510601158
random_1c3a_model_171,1961.3718293120237
random_1c3a_model_172,2187.957590941958
random_1c3a_model_173,1206.320459300323
random_1c3a_model_174,1521.164491863552
random_1c3a_model_175,1543.6449711286477
random_1c3a_model_176,1538.5709397152768
random_1c3a_model_177,1594.321393428787
random_1c3a_model_178,1684.1307631249401
random_1c3a_model_179,1161.265497893004
random_1c3a_model_18,2018.4498675034083
random_1c3a_model_180,1573.0404586640561
random_1c3a_model_181,1778.1285100896657
random_1c3a_model_182,1088.6700100882135
random_1c3a_model_183,1220.6111402495644
random_1c3a_model_184,1884.387312868057
random_1c3a_model_185,1114.8236794557197
random_1c3a_model_186,1360.8802397734999
random_1c3a_model_187,1644.5269183728415
random_1c3a_model_188,1179.5874311024745
random_1c3a_model_189,1876.3602520439
random_1c3a_model_19,1186.370360486897
random_1c3a_model_190,1422.543030633804
random_1c3a_model_191,1506.1386713829634
random_1c3a_model_192,1525.544439459778
random_1c3a_model_193,1412.87266510478
random_1c3a_model_194,1796.2010169775276
random_1c3a_model_195,1100.0973847435507
random_1c3a_model_196,1705.96006783761
random_1c3a_model_197,1462.055318295461
random_1c3a_model_198,1120.31157659569
random_1c3a_model_199,1406.1214867020954
random_1c3a_model_2,2298.399425941994
random_1c3a_model_20,1884.464646340788
random_1c3a_model_200,1736.8302691892004
random_1c3a_model_201,2060.9844308616994
random_1c3a_model_202,1328.9176951859517
random_1c3a_model_203,1611.1298824161076
random_1c3a_model_204,862.3867058748219
random_1c3a_model_205,1523.8729102341604
random_1c3a_model_206,716.1834524893166
random_1c3a_model_207,1413.2680230653968
random_1c3a_model_208,1357.3850246433794
random_1c3a_model_209,1511.4745511109431
random_1c3a_model_21,922.6464631347517
random_1c3a_model_210,1575.706720782142
random_1c3a_model_211,1837.5553373723997
random_1c3a_model_212,1332.683577610731
random_1c3a_model_213,1785.1773623925747
random_1c3a_model_214,1408.7032239747223
random_1c3a_model_215,2026.7004830615588
random_1c3a_model_216,1437.4031828035186
random_1c3a_model_217,1629.3061005219952
random_1c3a_model_218,1316.6721615442693
random_1c3a_model_219,769.9110080103583
random_1c3a_model_22,1033.1283401033033
random_1c3a_model_220,1655.5494502541733
random_1c3a_model_221,1179.2414440657703
random_1c3a_model_222,1401.8655703430177
random_1c3a_model_223,1468.909471639432
random_1c3a_model_224,747.9689834371311
random_1c3a_model_225,1708.2915436732383
random_1c3a_model_226,1531.0173665146904
random_1c3a_model_227,1344.7772453658126
random_1c3a_model_228,1876.307522855046
random_1c3a_model_229,1725.9032887154626
random_1c3a_model_23,2129.337033605334
random_1c3a_model_230,1739.675155936975
random_1c3a_model_231,1967.3289375926852
random_1c3a_model_232,925.207856543273
random_1c3a_model_233,1126.954018446604
random_1c3a_model_234,1003.5889430149709
random_1c3a_model_235,1475.5007144785923
random_1c3a_model_236,1225.4184970970437
random_1c3a_model_237,1075.557704708408
random_1c3a_model_238,1255.227952155008
random_1c3a_model_239,1282.1729568660649
random_1c3a_model_24,1161.1197724836275
random_1c3a_model_240,711.9886141698389
random_1c3a_model_241,1871.938453363
random_1c3a_model_242,1207.0962547805611
random_1c3a_model_243,1554.577970760467
random_1c3a_model_244,1694.176765194823
random_1c3a_model_245,800.4871358185374
random_1c3a_model_246,835.6371555524875
random_1c3a_model_247,1768.8441528635794
random_1c3a_model_248,866.0770697779844
random_1c3a_model_249,985.3565243873854
random_1c3a_model_25,1014.7805951533483
random_1c3a_model_250,1235.5196355442567
random_1c3a_model_251,1367.680002846564
random_1c3a_model_252,2121.584169578671
random_1c3a_model_253,1899.6405376345938
random_1c3a_model_254,1612.3993669212414
random_1c3a_model_255,1130.7445482506046
random_1c3a_model_256,1942.2523925023725
random_1c3a_model_257,1448.668984331278
random_1c3a_model_258,2365.3280156795117
random_1c3a_model_259,1478.3656869201805
random_1c3a_model_26,1890.396179651636
random_1c3a_model_260,696.6495816300267
random_1c3a_model_261,1499.782659987808
random_1c3a_model_262,1421.9228877582627
random_1c3a_model_263,1174.8218153875587
random_1c3a_model_264,721.0784553738558
random_1c3a_model_265,1478.626780226723
random_1c3a_model_266,817.7884041485959
random_1c3a_model_267,1290.2979372653463
random_1c3a_model_268,1550.7872406502956
random_1c3a_model_269,1436.7550441026324
random_1c3a_model_27,1311.7055614709807
random_1c3a_model_270,1565.009787007073
random_1c3a_model_271,1107.954617574991
random_1c3a_model_272,1098.81507570115
random_1c3a_model_273,1303.7663811172206
random_1c3a_model_274,1757.2118105038535
random_1c3a_model_275,1765.7913368253976
random_1c3a_model_276,1006.1632520917519
random_1c3a_model_277,986.9661491002698
random_1c3a_model_278,1395.5934975682449
random_1c3a_model_279,1844.7836846008431
random_1c3a_model_28,1054.7425805199928
random_1c3a_model_280,824.3535667636206
random_1c3a_model_281,2068.2921206180345
random_1c3a_model_282,1197.0647074667959
random_1c3a_model_283,1524.4443307179117
random_1c3a_model_284,1871.5115350750366
random_1c3a_model_285,2172.388493234992
random_1c3a_model_286,1113.822189235254
random_1c3a_model_287,1512.5102861484156
random_1c3a_model_288,1489.406101176175
random_1c3a_model_289,1966.9489388300553
random_1c3a_model_29,1495.1127158604158
random_1c3a_model_290,1511.7556194974932
random_1c3a_model_291,1126.3942444428758
random_1c3a_model_292,1856.971140598227
random_1c3a_model_293,1085.4072385548861
random_1c3a_model_294,1728.325431296309
random_1c3a_model_295,1467.9727838567705
random_1c3a_model_296,1321.2118774739902
random_1c3a_model_297,1217.7024738796244
random_1c3a_model_298,903.4594166639963
random_1c3a_model_299,1884.1382014796309
random_1c3a_model_3,1632.034653534778
random_1c3a_model_30,1048.2905424673481
random_1c3a_model_300,980.6758379144576
random_1c3a_model_301,782.8369079984968
random_1c3a_model_302,1327.538414761826
random_1c3a_model_303,1226.0735773032939
random_1c3a_model_304,1530.97312810312
random_1c3a_model_305,1079.879615385711
random_1c3a_model_306,1205.4562415496603
random_1c3a_model_307,1038.032402824756
random_1c3a_model_308,558.0936624067544
random_1c3a_model_309,2104.1304913971235
random_1c3a_model_31,1811.6621555697802
random_1c3a_model_310,1360.9847329224303
random_1c3a_model_311,1179.0471188280153
random_1c3a_model_312,1076.73213560552
random_1c3a_model_313,1055.199411175805
random_1c3a_model_314,1160.9426703516947
random_1c3a_model_315,1075.9080916188777
random_1c3a_model_316,2199.3214963760092
random_1c3a_model_317,1153.0691008241229
random_1c3a_model_318,1666.4216010006257
random_1c3a_model_319,1439.878179693429
random_1c3a_model_32,1877.4204224075547
random_1c3a_model_320,1855.5885044570168
random_1c3a_model_321,1075.7667936636062
random_1c3a_model_322,1454.0174791016852
random_1c3a_model_323,1214.0072063242442
random_1c3a_model_324,1672.1597307109823
random_1c3a_model_325,1226.1832665435595
random_1c3a_model_326,1354.5788634242017
random_1c3a_model_327,1237.2032818268362
random_1c3a_model_328,1181.8583914624887
random_1c3a_model_329,1748.0798454509513
random_1c3a_model_33,1521.534330833858
random_1c3a_model_330,1179.7526505980913
random_1c3a_model_331,1129.8899214675275
random_1c3a_model_332,1633.8799674590227
random_1c3a_model_333,2230.331281968176
random_1c3a_model_334,1340.9611729929184
random_1c3a_model_335,1791.61802615514
random_1c3a_model_336,1078.1503230381986
random_1c3a_model_337,1591.2441367537085
random_1c3a_model_338,1726.3617574791751
random_1c3a_model_339,987.149255777791
random_1c3a_model_34,1672.6098253979326
random_1c3a_model_340,1053.9308793247928
random_1c3a_model_341,959.426596087862
random_1c3a_model_342,1994.8817619626025
random_1c3a_model_343,1142.341468260047
random_1c3a_model_344,993.545363917634
random_1c3a_model_345,1440.9522579790391
random_1c3a_model_346,1520.8262229318188
random_1c3a_model_347,1824.0698670382717
random_1c3a_model_348,1169.5366451736954
random_1c3a_model_349,855.7493650103243
random_1c3a_model_35,2213.6749423248257
random_1c3a_model_350,1542.4463408721895
random_1c3a_model_351,1190.023340828302
random_1c3a_model_352,1008.1377618400038
random_1c3a_model_353,1093.5853584025645
random_1c3a_model_354,1389.74350759367
random_1c3a_model_355,856.5641261570163
random_1c3a_model_356,1444.7398614165377
random_1c3a_model_357,995.3782086889078
random_1c3a_model_358,1784.0046257268277
random_1c3a_model_359,1438.7211288252875
random_1c3a_model_36,1080.2834037088287
random_1c3a_model_360,995.5760528859064
random_1c3a_model_361,2000.0714481178202
random_1c3a_model_362,1575.6891905770335
random_1c3a_model_363,1676.6442057451077
random_1c3a_model_364,2212.999839410999
random_1c3a_model_365,1237.1303592679214
random_1c3a_model_366,2104.5059843547133
random_1c3a_model_367,1480.3343100374877
random_1c3a_model_368,1067.6310499080591
random_1c3a_model_369,1609.532920197038
random_1c3a_model_37,1253.7650872277409
random_1c3a_model_370,1164.111186010583
random_1c3a_model_371,1258.2201638776369
random_1c3a_model_372,1689.1197103703835
random_1c3a_model_373,1741.078552826766
random_1c3a_model_374,2012.1859957543857
random_1c3a_model_375,1304.5319080765912
random_1c3a_model_376,1134.8550980136915
random_1c3a_model_377,1218.5387281045241
random_1c3a_model_378,1354.491364927242
random_1c3a_model_379,871.9401915151011
random_1c3a_model_38,1761.0783510978072
random_1c3a_model_380,1447.147175586635
random_1c3a_model_381,905.4276427043042
random_1c3a_model_382,1450.515814297316
random_1c3a_model_383,1705.9819564455029
random_1c3a_model_384,1018.5753097636971
random_1c3a_model_385,1966.610857546435
random_1c3a_model_386,1469.9416403329942
random_1c3a_model_387,1375.2162764238255
random_1c3a_model_388,1716.6451044092519
random_1c3a_model_389,1747.300079833045
random_1c3a_model_39,1157.804346161678
random_1c3a_model_390,729.2471517778231
random_1c3a_model_391,695.03953159089
random_1c3a_model_392,925.260534209614
random_1c3a_model_393,1091.283234043054
random_1c3a_model_394,813.354798715578
random_1c3a_model_395,1527.8484207856363
random_1c3a_model_396,1791.5116830937368
random_1c3a_model_397,1619.6896190343432
random_1c3a_model_398,1502.1212072646922
random_1c3a_model_399,958.2347337327337
random_1c3a_model_4,1563.9991800961125
random_1c3a_model_40,1701.7099710393504
random_1c3a_model_400,1515.8883986173823
random_1c3a_model_401,1283.2335982784825
random_1c3a_model_402,993.4828547442139
random_1c3a_model_403,1778.3229062160408
random_1c3a_model_404,1054.9242739549172
random_1c3a_model_405,1031.1882301247333
random_1c3a_model_406,1181.63734928566
random_1c3a_model_407,1437.0596698637546
random_1c3a_model_408,829.4745705189471
random_1c3a_model_409,1409.2536361677048
random_1c3a_model_41,1568.3169508414012
random_1c3a_model_410,2386.1351240127897
random_1c3a_model_411,1215.3115687418594
random_1c3a_model_412,1573.245796077441
random_1c3a_model_413,814.6363768735755
random_1c3a_model_414,1146.0668929147614
random_1c3a_model_415,1373.2180731986664
random_1c3a_model_416,2075.934848934061
random_1c3a_model_417,1384.8091781547446
random_1c3a_model_418,1701.6041743191927
random_1c3a_model_419,995.5344971372724
random_1c3a_model_42,1168.2846497679493
random_1c3a_model_420,1311.0409746259575
random_1c3a_model_421,1561.6545041660538
random_1c3a_model_422,1007.249638944144
random_1c3a_model_423,2024.3440661157565
random_1c3a_model_424,1148.1006497868766
random_1c3a_model_425,1678.06204334852
random_1c3a_model_426,1286.5560843921648
random_1c3a_model_427,1126.4028431821462
random_1c3a_model_428,488.79871753187035
random_1c3a_model_429,1310.1338593917044
random_1c3a_model_43,802.0129027906387
random_1c3a_model_430,1101.2496034366668
random_1c3a_model_431,1360.5362033434576
random_1c3a_model_432,1377.7315673159046
random_1c3a_model_433,694.1332244430268
random_1c3a_model_434,976.4561942955552
random_1c3a_model_435,1850.0632283045998
random_1c3a_model_436,924.443943864444
random_1c3a_model_437,988.2834825847076
random_1c3a_model_438,1221.8685336435683
random_1c3a_model_439,1538.089132563122
random_1c3a_model_44,764.8259847715708
random_1c3a_model_440,1988.1462553958918
random_1c3a_model_441,913.6523878718144
random_1c3a_model_442,1414.3745601337268
random_1c3a_model_443,1054.2920571776085
random_1c3a_model_444,1006.5016144801048
random_1c3a_model_445,1999.6322510256014
random_1c3a_model_446,1353.2843591321562
random_1c3a_model_447,1107.5356041979721
random_1c3a_model_448,1423.0908618055091
random_1c3a_model_449,931.2027783708927
random_1c3a_model_45,1401.0371015498622
random_1c3a_model_450,2115.8309892823654
random_1c3a_model_451,1902.3941074336417
random_1c3a_model_452,898.5519990889206
random_1c3a_model_453,1606.4996557205413
random_1c3a_model_454,762.2161742120697
random_1c3a_model_455,985.9188354089729
random_1c3a_model_456,996.5870093638678
random_1c3a_model_457,1092.3938299557922
random_1c3a_model_458,1513.4254878611737
random_1c3a_model_459,1511.258582501503
random_1c3a_model_46,1332.9553885305195
random_1c3a_model_460,1574.0490422037437
random_1c3a_model_461,1245.0951447953212
random_1c3a_model_462,1092.4479897113324
random_1c3a_model_463,1541.1430419406697
random_1c3a_model_464,834.5636951213219
random_1c3a_model_465,1246.5218364123775
random_1c3a_model_466,1004.1854103230016
random_1c3a_model_467,1907.8297955325634
random_1c3a_model_468,1529.3935839394562
random_1c3a_model_469,1559.5426615087472
random_1c3a_model_47,1251.847109653234
random_1c3a_model_470,1755.3869693163506
random_1c3a_model_471,2251.7950914616467
random_1c3a_model_472,1822.2674296683672
random_1c3a_model_473,1141.553372011691
random_1c3a_model_474,1625.8433651731102
random_1c3a_model_475,603.8469516539844
random_1c3a_model_476,1173.997418549392
random_1c3a_model_477,1232.1548941652818
random_1c3a_model_478,1511.551542468129
random_1c3a_model_479,2428.267545967614
random_1c3a_model_48,806.133721880049
random_1c3a_model_480,969.700771736183
random_1c3a_model_481,1700.8880089153263
random_1c3a_model_482,1006.9234715382754
random_1c3a_model_483,998.1548986233483
random_1c3a_model_484,813.6312787282659
random_1c3a_model_485,1997.9093224166954
random_1c3a_model_486,1441.7427134326426
random_1c3a_model_487,944.9010473366925
random_1c3a_model_488,1603.2169589566129
random_1c3a_model_489,1140.2557521377548
random_1c3a_model_49,1355.9659248112657
random_1c3a_model_490,1504.978611565719
random_1c3a_model_491,1087.0462892203886
random_1c3a_model_492,1215.460796769481
random_1c3a_model_493,1348.7566799528668
random_1c3a_model_494,1477.8747745099208
random_1c3a_model_495,1305.7001784455133
random_1c3a_model_496,1607.7738084865123
random_1c3a_model_497,1717.5595532757452
random_1c3a_model_498,1318.7911844750033
random_1c3a_model_499,1476.839952221695
random_1c3a_model_5,2187.5385710093833
random_1c3a_model_50,1262.6938057428233
random_1c3a_model_500,1446.1985137099018
random_1c3a_model_501,1579.040898942496
random_1c3a_model_502,1256.9561183432816
random_1c3a_model_503,1459.2628748837833
random_1c3a_model_504,1039.5688005279026
random_1c3a_model_505,1552.3008218868126
random_1c3a_model_506,895.0712562832741
random_1c3a_model_507,1706.5783542381723
random_1c3a_model_508,995.3823964023632
random_1c3a_model_509,1190.947558410271
random_1c3a_model_51,1590.425764991167
random_1c3a_model_510,1405.6190542448257
random_1c3a_model_511,1317.3664513896128
random_1c3a_model_512,1231.9683454202677
random_1c3a_model_513,840.8444743687687
random_1c3a_model_514,1080.3727112350025
random_1c3a_model_515,1145.3754293719758
random_1c3a_model_516,1546.70695265408
random_1c3a_model_517,1435.7539902186636
random_1c3a_model_518,1659.2565833250355
random_1c3a_model_519,1633.641587580969
random_1c3a_model_52,1354.6143829701723
random_1c3a_model_520,1261.2271101119131
random_1c3a_model_521,1183.7355193081694
random_1c3a_model_522,1509.430296020757
random_1c3a_model_523,1356.0841161538683
random_1c3a_model_524,1397.9066832680255
random_1c3a_model_525,1085.460122382783
random_1c3a_model_526,2017.6203855672702
random_1c3a_model_527,981.7757240413321
random_1c3a_model_528,1772.741007386041
random_1c3a_model_529,1227.8516211359874
random_1c3a_model_53,1541.7375643625874
random_1c3a_model_530,1153.777235247895
random_1c3a_model_531,822.6024571545622
random_1c3a_model_532,1052.387933123773
random_1c3a_model_533,1443.1263518168125
random_1c3a_model_534,1842.3113904691745
random_1c3a_model_535,1014.0530171898135
random_1c3a_model_536,794.8270430847097
random_1c3a_model_537,1277.8778484274499
random_1c3a_model_538,1347.6038444380283
random_1c3a_model_539,1566.4084481809077
random_1c3a_model_54,1754.4456335780487
random_1c3a_model_540,1849.6614722362356
random_1c3a_model_541,952.1745586897559
random_1c3a_model_542,2029.1712419768319
random_1c3a_model_543,1756.8849090182011
random_1c3a_model_544,1731.5834785287589
random_1c3a_model_545,2345.3110959217865
random_1c3a_model_546,1661.580049829825
random_1c3a_model_547,1696.259659204894
random_1c3a_model_548,825.3253672239334
random_1c3a_model_549,1687.2766332401734
random_1c3a_model_55,1216.232321132744
random_1c3a_model_550,1198.2686579728688
random_1c3a_model_551,1349.9727087579158
random_1c3a_model_552,1526.9159891064028
random_1c3a_model_553,1796.517987881145
random_1c3a_model_554,1830.4108502671515
random_1c3a_model_555,874.7308487717037
random_1c3a_model_556,771.4053130623233
random_1c3a_model_557,1719.8112874929757
random_1c3a_model_558,1026.5171581796476
random_1c3a_model_559,972.6850934139638
random_1c3a_model_56,846.2024218124607
random_1c3a_model_560,1152.3622535440409
random_1c3a_model_561,1443.3480759677113
random_1c3a_model_562,1492.6681478817827
random_1c3a_model_563,1884.4314376410002
random_1c3a_model_564,1493.1746934213224
random_1c3a_model_565,1981.5715487872585
random_1c3a_model_566,1045.4897775440695
random_1c3a_model_567,1116.9846765414786
random_1c3a_model_568,1385.2937609761357
random_1c3a_model_569,1235.5932646656493
random_1c3a_model_57,1426.3273452227731
random_1c3a_model_570,1300.7264312905336
random_1c3a_model_571,1035.8352191934864
random_1c3a_model_572,1016.7711866678692
random_1c3a_model_573,947.2172514888844
random_1c3a_model_574,1239.4319858945983
random_1c3a_model_575,886.0616334238657
random_1c3a_model_576,1542.9179432278925
random_1c3a_model_577,1426.9337039901093
random_1c3a_model_578,1752.2649312559151
random_1c3a_model_579,1433.3954455177263
random_1c3a_model_58,1908.4157560435524
random_1c3a_model_580,1285.6917437062712
random_1c3a_model_581,1685.6082162694765
random_1c3a_model_582,1276.063400471834
random_1c3a_model_583,1187.268202558409
random_1c3a_model_584,1883.6892533579194
random_1c3a_model_585,898.9858317476574
random_1c3a_model_586,1491.3472743492293
random_1c3a_model_587,845.1407263791734
random_1c3a_model_588,1649.98627783532
random_1c3a_model_589,1388.4186596651416
random_1c3a_model_59,590.5040174741007
random_1c3a_model_590,1362.9039417226486
random_1c3a_model_591,1403.062803215953
random_1c3a_model_592,1606.987872303478
random_1c3a_model_593,1306.3017248816795
random_1c3a_model_594,1610.0304178563547
random_1c3a_model_595,1484.7050767600158
random_1c3a_model_596,1662.0508821511012
random_1c3a_model_597,1140.1786366568722
random_1c3a_model_598,1123.821631170782
random_1c3a_model_599,969.2588243098526
random_1c3a_model_6,1019.1728712904696
random_1c3a_model_60,1197.0535349815
random_1c3a_model_600,2382.7916526219815
random_1c3a_model_601,1071.0149248685666
random_1c3a_model_602,1886.6470819087826
random_1c3a_model_603,1593.8982133062345
random_1c3a_model_604,1418.7181217324414
random_1c3a_model_605,879.3104357626908
random_1c3a_model_606,1606.5599017409622
random_1c3a_model_607,1896.221164361952
random_1c3a_model_608,1533.492384153391
random_1c3a_model_609,1331.5538222521045
random_1c3a_model_61,1789.5228926758045
random_1c3a_model_610,1742.0695284894991
random_1c3a_model_611,997.5112082570577
random_1c3a_model_612,1333.5725199354692
random_1c3a_model_613,1873.8571528602206
random_1c3a_model_614,1063.0461489024838
random_1c3a_model_615,1665.1571737101294
random_1c3a_model_616,2280.150188735084
random_1c3a_model_617,1465.567639998293
random_1c3a_model_618,1926.3059087707952
random_1c3a_model_619,718.5931115284111
random_1c3a_model_62,1035.4601105989623
random_1c3a_model_620,1484.6826618013547
random_1c3a_model_621,1139.2004794354962
random_1c3a_model_622,1083.9468826634456
random_1c3a_model_623,1405.9306116474017
random_1c3a_model_624,1942.1133972690113
random_1c3a_model_625,1048.1499122080695
random_1c3a_model_626,1775.4069036527035
random_1c3a_model_627,1082.334709502633
random_1c3a_model_628,1522.4652866260694
random_1c3a_model_629,955.7020701401234
random_1c3a_model_63,1480.7598894635576
random_1c3a_model_630,965.7188124900385
random_1c3a_model_631,802.0102749304133
random_1c3a_model_632,1213.2225738553134
random_1c3a_model_633,1373.3648275581781
random_1c3a_model_634,1343.37729893295
random_1c3a_model_635,1806.3835378927743
random_1c3a_model_636,1736.8169186267514
random_1c3a_model_637,1804.7394160857402
random_1c3a_model_638,1734.5571675719439
random_1c3a_model_639,1013.0021884270736
random_1c3a_model_64,862.8655699727733
random_1c3a_model_640,717.8135661876167
random_1c3a_model_641,1048.6310493088095
random_1c3a_model_642,1194.9510683992376
random_1c3a_model_643,1613.2379224931228
random_1c3a_model_644,1294.2594483498196
random_1c3a_model_645,1698.6083640138913
random_1c3a_model_646,1659.321272158466
random_1c3a_model_647,1648.4187520700052
random_1c3a_model_648,1343.1776391183485
random_1c3a_model_649,1431.0734038767423
random_1c3a_model_65,952.5982958230088
random_1c3a_model_650,1095.0791074958415
random_1c3a_model_651,1099.3090736634294
random_1c3a_model_652,1346.8033917034209
random_1c3a_model_653,1359.9050835736161
random_1c3a_model_654,1465.105811801679
random_1c3a_model_655,919.4266483164483
random_1c3a_model_656,1007.2609806877845
random_1c3a_model_657,1629.692086894751
random_1c3a_model_658,1701.3026928808686
random_1c3a_model_659,1590.311203688505
random_1c3a_model_66,1603.7240578562578
random_1c3a_model_660,1248.619264275645
random_1c3a_model_661,1038.3373174116168
random_1c3a_model_662,1373.4174556089238
random_1c3a_model_663,1049.4853165367422
random_1c3a_model_664,1554.503769609275
random_1c3a_model_665,2164.4773072975077
random_1c3a_model_666,1648.4109071164276
random_1c3a_model_667,1537.7178552281948
random_1c3a_model_668,2309.627536342172
random_1c3a_model_669,778.1086811172045
random_1c3a_model_67,1110.0153608315595
random_1c3a_model_670,1048.5539071626845
random_1c3a_model_671,1287.5460290064657
random_1c3a_model_672,705.1160578247873
random_1c3a_model_673,1003.190086528155
random_1c3a_model_674,1676.8836219417735
random_1c3a_model_675,1847.4982622027055
random_1c3a_model_676,1574.7719962593474
random_1c3a_model_677,1339.9212956103784
random_1c3a_model_678,1210.5313013379218
random_1c3a_model_679,1035.9114632644287
random_1c3a_model_68,1271.8698404789484
random_1c3a_model_680,900.2465549754452
random_1c3a_model_681,1100.6035587244114
random_1c3a_model_682,2272.461378293545
random_1c3a_model_683,1457.6129265832496
random_1c3a_model_684,1898.3088519683279
random_1c3a_model_685,1810.4620273283072
random_1c3a_model_686,1343.9273513484204
random_1c3a_model_687,1213.445100959445
random_1c3a_model_688,1124.1357529080215
random_1c3a_model_689,1162.0455119756007
random_1c3a_model_69,1217.575127809656
random_1c3a_model_690,1274.9736494572462
random_1c3a_model_691,1425.169415383998
random_1c3a_model_692,1044.6010891973474
random_1c3a_model_693,2087.26400426265
random_1c3a_model_694,1264.3216339791998
random_1c3a_model_695,1182.7848029726283
random_1c3a_model_696,1308.5921323466646
random_1c3a_model_697,1108.3079041252986
random_1c3a_model_698,923.3893121062447
random_1c3a_model_699,835.6982672466547
random_1c3a_model_7,743.4482495128632
random_1c3a_model_70,1520.4423752977582
random_1c3a_model_700,2172.728805453253
random_1c3a_model_701,1389.139726580841
random_1c3a_model_702,1189.5012085889357
random_1c3a_model_703,1230.5263080510904
random_1c3a_model_704,1597.09155994705
random_1c3a_model_705,1687.199271939755
random_1c3a_model_706,1025.8829475603707
random_1c3a_model_707,1774.933348069946
random_1c3a_model_708,975.7519401247682
random_1c3a_model_709,992.6058334534064
random_1c3a_model_71,1555.9673150105846
random_1c3a_model_710,2024.2755849115183
random_1c3a_model_711,1298.686180816887
random_1c3a_model_712,1313.2288629924478
random_1c3a_model_713,1172.071113797654
random_1c3a_model_714,1386.5103879102771
random_1c3a_model_715,1708.398217108037
random_1c3a_model_716,2202.0451631368123
random_1c3a_model_717,975.8283505963846
random_1c3a_model_718,907.9893188359729
random_1c3a_model_719,1481.5437678916405
random_1c3a_model_72,1175.5665300231321
random_1c3a_model_720,836.1048928472483
random_1c3a_model_721,1185.2193487459226
random_1c3a_model_722,1501.1702904487847
random_1c3a_model_723,1276.3943959347362
random_1c3a_model_724,888.0067825056594
random_1c3a_model_725,1544.6404556829712
random_1c3a_model_726,1227.8134522539713
random_1c3a_model_727,1217.1480216856162
random_1c3a_model_728,1514.0310268916219
random_1c3a_model_729,1278.3893585776423
random_1c3a_model_73,1921.7898948563852
random_1c3a_model_730,1121.1482191195646
random_1c3a_model_731,1206.9828955117137
random_1c3a_model_732,1074.4192517262727
random_1c3a_model_733,1231.4312154302188
random_1c3a_model_734,1086.4381117357516
random_1c3a_model_735,1614.1522132804112
random_1c3a_model_736,2472.297401877795
random_1c3a_model_737,1884.5947064780157
random_1c3a_model_738,961.5286739328076
random_1c3a_model_739,1829.442818720605
random_1c3a_model_74,954.5650883520084
random_1c3a_model_740,1956.8718160331282
random_1c3a_model_741,1258.0088240043624
random_1c3a_model_742,2416.8011752918665
random_1c3a_model_743,1540.9811045645129
random_1c3a_model_744,1868.3875979350523
random_1c3a_model_745,2119.1196345070002
random_1c3a_model_746,1190.262903882689
random_1c3a_model_747,2017.5984937657431
random_1c3a_model_748,1662.798037164057
random_1c3a_model_749,1849.9335212333644
random_1c3a_model_75,1830.64435189076
random_1c3a_model_750,2245.7552863681813
random_1c3a_model_751,926.9964708416355
random_1c3a_model_752,713.4006783120622
random_1c3a_model_753,2178.8364394439686
random_1c3a_model_754,1412.029172432547
random_1c3a_model_755,1679.5263939678462
random_1c3a_model_756,2303.2838454538614
random_1c3a_model_757,1347.3125261347413
random_1c3a_model_758,1145.5258268130092
random_1c3a_model_759,1461.2341012941088
random_1c3a_model_76,1823.6807309703781
random_1c3a_model_760,839.709522262343
random_1c3a_model_761,1142.02654692121
random_1c3a_model_762,1009.8556472458622
random_1c3a_model_763,1818.48943546776
random_1c3a_model_764,1855.6587673178383
random_1c3a_model_765,1680.4810459219534
random_1c3a_model_766,1307.469660107019
random_1c3a_model_767,1531.8713148646075
random_1c3a_model_768,1203.4512147455953
random_1c3a_model_769,1498.536955496691
random_1c3a_model_77,1398.4226686530583
random_1c3a_model_770,1151.9782219328372
random_1c3a_model_771,1038.4898853817522
random_1c3a_model_772,1040.1630719493296
random_1c3a_model_773,2204.124143182211
random_1c3a_model_774,2360.149869180277
random_1c3a_model_775,1207.5539361588671
random_1c3a_model_776,1964.4376119194076
random_1c3a_model_777,1007.0549766663789
random_1c3a_model_778,1360.745884722508
random_1c3a_model_779,1745.454221375623
random_1c3a_model_78,784.3754826036275
random_1c3a_model_780,781.1179945823515
random_1c3a_model_781,2132.625185981313
random_1c3a_model_782,817.6629135296953
random_1c3a_model_783,1690.1797999118462
random_1c3a_model_784,1558.424758821664
random_1c3a_model_785,1460.5388832216122
random_1c3a_model_786,1311.6039052792075
random_1c3a_model_787,1649.5093850061476
random_1c3a_model_788,1158.5812877739372
random_1c3a_model_789,1489.2017033710217
random_1c3a_model_79,1845.8335276491853
random_1c3a_model_790,1633.508398310585
random_1c3a_model_791,1243.7428531179103
random_1c3a_model_792,1450.0905722357693
random_1c3a_model_793,1021.1158883894568
random_1c3a_model_794,1238.998079138375
random_1c3a_model_795,1430.6194775705699
random_1c3a_model_796,1331.8563644294645
random_1c3a_model_797,827.6083425684374
random_1c3a_model_798,1262.691551478989
random_1c3a_model_799,1241.256039946169
random_1c3a_model_8,2563.9817791631103
random_1c3a_model_80,1616.9366943102632
random_1c3a_model_800,835.7810505206471
random_1c3a_model_801,1014.7976503100545
random_1c3a_model_802,1952.8219159632263
random_1c3a_model_803,1309.2406998636725
random_1c3a_model_804,1840.4747959448414
random_1c3a_model_805,1827.2546865525655
random_1c3a_model_806,1479.6527829750667
random_1c3a_model_807,1362.9292395019493
random_1c3a_model_808,1017.191191506603
random_1c3a_model_809,1985.482410929857
random_1c3a_model_81,1186.488090624507
random_1c3a_model_810,1196.3972259649236
random_1c3a_model_811,1045.5667954823384
random_1c3a_model_812,1046.7640579004728
random_1c3a_model_813,949.709570827732
random_1c3a_model_814,1110.8381332998924
random_1c3a_model_815,1624.415892621968
random_1c3a_model_816,1499.9989446348409
random_1c3a_model_817,1297.5698882004963
random_1c3a_model_818,839.1471124117161
random_1c3a_model_819,1548.1594239958868
random_1c3a_model_82,1300.7296969143445
random_1c3a_model_820,1225.96412940765
random_1c3a_model_821,1676.4258603876497
random_1c3a_model_822,1300.4277213125933
random_1c3a_model_823,1331.2119908045279
random_1c3a_model_824,1723.4885518793144
random_1c3a_model_825,2081.8381003366485
random_1c3a_model_826,1156.9373376739968
random_1c3a_model_827,1872.2475064154296
random_1c3a_model_828,1045.5074350466111
random_1c3a_model_829,730.1363174247472
random_1c3a_model_83,1041.421579403599
random_1c3a_model_830,1598.7253776974867
random_1c3a_model_831,1659.9164928266364
random_1c3a_model_832,1387.3646040752155
random_1c3a_model_833,2498.60171183672
random_1c3a_model_834,1293.6305427225525
random_1c3a_model_835,1082.3490025346346
random_1c3a_model_836,2015.4482706541257
random_1c3a_model_837,1553.1182134008905
random_1c3a_model_838,1365.9168252032869
random_1c3a_model_839,1565.6020879529297
random_1c3a_model_84,1308.1283138850558
random_1c3a_model_840,1295.5202725901127
random_1c3a_model_841,838.1656503758823
random_1c3a_model_842,1472.263068015278
random_1c3a_model_843,1578.4022673722939
random_1c3a_model_844,1294.0209660767778
random_1c3a_model_845,1237.9782720808525
random_1c3a_model_846,798.2762924316357
random_1c3a_model_847,904.8269749435003
random_1c3a_model_848,835.1356403796253
random_1c3a_model_849,1722.0116943174908
random_1c3a_model_85,1021.5078270293288
random_1c3a_model_850,1462.522299447759
random_1c3a_model_851,537.2661977121315
random_1c3a_model_852,1186.2034499491674
random_1c3a_model_853,1493.7013403167311
random_1c3a_model_854,1098.4981800438472
random_1c3a_model_855,991.1007137439083
random_1c3a_model_856,1275.770214491824
random_1c3a_model_857,959.3945740100698
random_1c3a_model_858,1777.7164444178761
random_1c3a_model_859,1192.5574035093414
random_1c3a_model_86,1017.5035205889144
random_1c3a_model_860,1152.0659738697377
random_1c3a_model_861,1442.9706568073889
random_1c3a_model_862,1670.1309368611674
random_1c3a_model_863,1455.870424028206
random_1c3a_model_864,1236.3891629155478
random_1c3a_model_865,1323.8777977797308
random_1c3a_model_866,1703.9392458960629
random_1c3a_model_867,1409.8867119463175
random_1c3a_model_868,1047.340060198565
random_1c3a_model_869,1225.0771069033053
random_1c3a_model_87,1157.0548338563021
random_1c3a_model_870,1249.9300291238924
random_1c3a_model_871,998.40901592097
random_1c3a_model_872,931.2433203803812
random_1c3a_model_873,1543.5236696993852
random_1c3a_model_874,1224.8025355447808
random_1c3a_model_875,1862.7586850025236
random_1c3a_model_876,1633.6772025086793
random_1c3a_model_877,1632.5488920099397
random_1c3a_model_878,1506.8869397304297
random_1c3a_model_879,1614.4883873047092
random_1c3a_model_88,1287.25516901628
random_1c3a_model_880,1571.6899847521854
random_1c3a_model_881,915.3398782466993
random_1c3a_model_882,1504.5266754335917
random_1c3a_model_883,1418.3011299998852
random_1c3a_model_884,1474.7264048077614
random_1c3a_model_885,1385.57424108771
random_1c3a_model_886,1955.357205891256
random_1c3a_model_887,1260.9437608839835
random_1c3a_model_888,1009.684673971462
random_1c3a_model_889,1801.6535450292922
random_1c3a_model_89,1152.4554447700066
random_1c3a_model_890,938.3349641363111
random_1c3a_model_891,629.1673702336684
random_1c3a_model_892,1352.356621521585
random_1c3a_model_893,1270.214301981956
random_1c3a_model_894,1189.283615681201
random_1c3a_model_895,1866.644183860877
random_1c3a_model_896,2069.605625030026
random_1c3a_model_897,1236.7598517658298
random_1c3a_model_898,1232.3532410328698
random_1c3a_model_899,1921.1156242965171
random_1c3a_model_9,697.0829246342091
random_1c3a_model_90,1153.2216580705444
random_1c3a_model_900,1348.6925439407678
random_1c3a_model_901,2073.065696852098
random_1c3a_model_902,595.868950865799
random_1c3a_model_903,1479.2354616652701
random_1c3a_model_904,856.2182411344438
random_1c3a_model_905,1581.0606092813796
random_1c3a_model_906,955.7825238985861
random_1c3a_model_907,1047.3948990867393
random_1c3a_model_908,924.1024082124459
random_1c3a_model_909,1132.0305676053558
random_1c3a_model_91,1334.9634550158426
random_1c3a_model_910,949.7231882427277
random_1c3a_model_911,1069.1514773378676
random_1c3a_model_912,1409.7427641325612
random_1c3a_model_913,1611.9376125938143
random_1c3a_model_914,1494.8143152911853
random_1c3a_model_915,1465.5384166532622
random_1c3a_model_916,1805.8725548752136
random_1c3a_model_917,1344.6503593664656
random_1c3a_model_918,1526.2912232255148
random_1c3a_model_919,1552.6808765702353
random_1c3a_model_92,1911.9851922455819
random_1c3a_model_920,742.0269150163112
random_1c3a_model_921,1343.962566436916
random_1c3a_model_922,1000.6292667491725
random_1c3a_model_923,1697.3846501502303
random_1c3a_model_924,1839.7385884321648
random_1c3a_model_925,1531.7706801844488
random_1c3a_model_926,700.5417280024267
random_1c3a_model_927,986.8776478755062
random_1c3a_model_928,1692.9828844065141
random_1c3a_model_929,1679.092326847178
random_1c3a_model_93,1426.9440413354332
random_1c3a_model_930,1239.2345778043436
random_1c3a_model_931,1515.4055468908828
random_1c3a_model_932,1156.4326103558851
random_1c3a_model_933,1614.963682552112
random_1c3a_model_934,1953.7841812916977
random_1c3a_model_935,1620.115463870774
random_1c3a_model_936,1474.3255145762705
random_1c3a_model_937,1276.7463039563554
random_1c3a_model_938,1302.0729665707913
random_1c3a_model_939,1406.8761196184823
random_1c3a_model_94,874.632823527365
random_1c3a_model_940,1090.6440316170901
random_1c3a_model_941,1161.892511236285
random_1c3a_model_942,1281.993897191498
random_1c3a_model_943,1581.1292040207973
random_1c3a_model_944,1547.3502826482545
random_1c3a_model_945,1875.7101210631135
random_1c3a_model_946,1806.7182586242961
random_1c3a_model_947,1637.6930784170963
random_1c3a_model_948,2134.6853248605184
random_1c3a_model_949,1595.6172579559916
random_1c3a_model_95,1180.73633827292
random_1c3a_model_950,1420.9721274390376
random_1c3a_model_951,805.5950737743224
random_1c3a_model_952,1635.8157403651749
random_1c3a_model_953,889.3791564186831
random_1c3a_model_954,1024.9421667312508
random_1c3a_model_955,1290.6435862880426
random_1c3a_model_956,1113.0602067886248
random_1c3a_model_957,1589.8135205944182
random_1c3a_model_958,815.11455198164
random_1c3a_model_959,1871.276894247767
random_1c3a_model_96,768.8963710470871
random_1c3a_model_960,1282.0537963086208
random_1c3a_model_961,1020.2818816406816
random_1c3a_model_962,1311.678480283097
random_1c3a_model_963,2140.8822151188833
random_1c3a_model_964,2160.1231883078362
random_1c3a_model_965,1652.1509585715212
random_1c3a_model_966,1003.6245404075089
random_1c3a_model_967,978.0666387203746
random_1c3a_model_968,1264.5985690506313
random_1c3a_model_969,1968.228921462569
random_1c3a_model_97,1210.796599501895
random_1c3a_model_970,1681.10590713266
random_1c3a_model_971,1799.0463692216817
random_1c3a_model_972,1194.7890708803043
random_1c3a_model_973,1186.2393062024985
random_1c3a_model_974,1720.745813992533
random_1c3a_model_975,1376.488802228394
random_1c3a_model_976,1557.7545991629504
random_1c3a_model_977,2724.0337061536375
random_1c3a_model_978,844.5210492126571
random_1c3a_model_979,1580.214794798405
random_1c3a_model_98,1081.8706836608944
random_1c3a_model_980,1050.8787352107265
random_1c3a_model_981,1469.447274503369
random_1c3a_model_982,2231.1363790372434
random_1c3a_model_983,1728.580598475446
random_1c3a_model_984,1258.7270965216285
random_1c3a_model_985,1564.0141907319103
random_1c3a_model_986,1239.7330006764187
random_1c3a_model_987,1818.4585527751333
random_1c3a_model_988,968.4988876171556
random_1c3a_model_989,1319.8505584077047
random_1c3a_model_99,949.8664769955249
random_1c3a_model_990,927.2618982834101
random_1c3a_model_991,808.856189813705
random_1c3a_model_992,1000.9964557070653
random_1c3a_model_993,1173.131978197638
random_1c3a_model_994,1080.6017177970025
random_1c3a_model_995,1619.7599427113364
random_1c3a_model_996,819.846925852431
random_1c3a_model_997,1118.1848040573968
random_1c3a_model_998,1906.786008455023
random_1c3a_model_999,1840.2915471437336
