pdb_file,interface_flatness
sampled_1kfu_model_1_1kfu,0.9855165525114156
sampled_1kfu_model_10_1kfu,0.9970034246575342
sampled_1kfu_model_100_1kfu,0.9858019406392694
sampled_1kfu_model_101_1kfu,0.9742437214611872
sampled_1kfu_model_102_1kfu,0.984232305936073
sampled_1kfu_model_103_1kfu,0.9754566210045662
sampled_1kfu_model_104_1kfu,0.9758133561643836
sampled_1kfu_model_105_1kfu,0.9795947488584474
sampled_1kfu_model_106_1kfu,0.981949200913242
sampled_1kfu_model_107_1kfu,0.9800228310502284
sampled_1kfu_model_108_1kfu,0.9846603881278538
sampled_1kfu_model_109_1kfu,0.991652397260274
sampled_1kfu_model_11_1kfu,0.986658105022831
sampled_1kfu_model_110_1kfu,0.9729594748858448
sampled_1kfu_model_111_1kfu,0.986943493150685
sampled_1kfu_model_112_1kfu,0.94962899543379
sampled_1kfu_model_113_1kfu,0.9830907534246576
sampled_1kfu_model_114_1kfu,0.9907962328767124
sampled_1kfu_model_115_1kfu,0.9540525114155252
sampled_1kfu_model_116_1kfu,0.9721746575342466
sampled_1kfu_model_117_1kfu,0.9648972602739726
sampled_1kfu_model_118_1kfu,0.9717465753424658
sampled_1kfu_model_119_1kfu,0.9659674657534246
sampled_1kfu_model_12_1kfu,0.988013698630137
sampled_1kfu_model_120_1kfu,0.9668949771689498
sampled_1kfu_model_121_1kfu,0.97738299086758
sampled_1kfu_model_122_1kfu,0.9696061643835616
sampled_1kfu_model_123_1kfu,0.9695348173515982
sampled_1kfu_model_124_1kfu,0.9778824200913242
sampled_1kfu_model_125_1kfu,0.978595890410959
sampled_1kfu_model_126_1kfu,0.9897260273972602
sampled_1kfu_model_127_1kfu,0.985730593607306
sampled_1kfu_model_128_1kfu,0.9694634703196348
sampled_1kfu_model_129_1kfu,0.9853025114155252
sampled_1kfu_model_13_1kfu,0.9983590182648402
sampled_1kfu_model_130_1kfu,0.9715325342465754
sampled_1kfu_model_131_1kfu,0.9683932648401826
sampled_1kfu_model_132_1kfu,0.9684646118721462
sampled_1kfu_model_133_1kfu,0.9868721461187214
sampled_1kfu_model_134_1kfu,0.973601598173516
sampled_1kfu_model_135_1kfu,0.9767408675799086
sampled_1kfu_model_136_1kfu,0.9795947488584474
sampled_1kfu_model_137_1kfu,0.9840896118721462
sampled_1kfu_model_138_1kfu,0.9696775114155252
sampled_1kfu_model_139_1kfu,0.9755993150684932
sampled_1kfu_model_14_1kfu,0.9870148401826484
sampled_1kfu_model_140_1kfu,0.9679651826484018
sampled_1kfu_model_141_1kfu,0.9827340182648402
sampled_1kfu_model_142_1kfu,0.9850884703196348
sampled_1kfu_model_143_1kfu,0.9905108447488584
sampled_1kfu_model_144_1kfu,0.9684646118721462
sampled_1kfu_model_145_1kfu,0.9865154109589042
sampled_1kfu_model_146_1kfu,0.974529109589041
sampled_1kfu_model_147_1kfu,0.9753852739726028
sampled_1kfu_model_148_1kfu,0.9576912100456622
sampled_1kfu_model_149_1kfu,0.967679794520548
sampled_1kfu_model_15_1kfu,0.9923658675799086
sampled_1kfu_model_150_1kfu,0.9702482876712328
sampled_1kfu_model_151_1kfu,0.9569777397260274
sampled_1kfu_model_152_1kfu,0.983304794520548
sampled_1kfu_model_153_1kfu,0.9876569634703196
sampled_1kfu_model_154_1kfu,0.971033105022831
sampled_1kfu_model_155_1kfu,0.9870861872146118
sampled_1kfu_model_156_1kfu,0.96525399543379
sampled_1kfu_model_157_1kfu,0.9676084474885844
sampled_1kfu_model_158_1kfu,0.9887985159817352
sampled_1kfu_model_159_1kfu,0.9521261415525114
sampled_1kfu_model_16_1kfu,0.9980022831050228
sampled_1kfu_model_160_1kfu,0.9614012557077626
sampled_1kfu_model_161_1kfu,0.9804509132420092
sampled_1kfu_model_162_1kfu,0.9790953196347032
sampled_1kfu_model_163_1kfu,0.951912100456621
sampled_1kfu_model_164_1kfu,0.9721746575342466
sampled_1kfu_model_165_1kfu,0.9717465753424658
sampled_1kfu_model_166_1kfu,0.968892694063927
sampled_1kfu_model_167_1kfu,0.9660388127853882
sampled_1kfu_model_168_1kfu,0.9608304794520548
sampled_1kfu_model_169_1kfu,0.9800941780821918
sampled_1kfu_model_17_1kfu,0.9897260273972602
sampled_1kfu_model_170_1kfu,0.9790239726027398
sampled_1kfu_model_171_1kfu,0.9686786529680366
sampled_1kfu_model_172_1kfu,0.9770262557077626
sampled_1kfu_model_173_1kfu,0.9714611872146118
sampled_1kfu_model_174_1kfu,0.9773116438356164
sampled_1kfu_model_175_1kfu,0.9497716894977168
sampled_1kfu_model_176_1kfu,0.9777397260273972
sampled_1kfu_model_177_1kfu,0.9799514840182648
sampled_1kfu_model_178_1kfu,0.9500570776255708
sampled_1kfu_model_179_1kfu,0.9721746575342466
sampled_1kfu_model_18_1kfu,0.9635416666666666
sampled_1kfu_model_180_1kfu,0.9643264840182648
sampled_1kfu_model_181_1kfu,0.9662528538812786
sampled_1kfu_model_182_1kfu,0.9662528538812786
sampled_1kfu_model_183_1kfu,0.9703196347031964
sampled_1kfu_model_184_1kfu,0.9704623287671232
sampled_1kfu_model_185_1kfu,0.971175799086758
sampled_1kfu_model_186_1kfu,0.9695348173515982
sampled_1kfu_model_187_1kfu,0.9810930365296804
sampled_1kfu_model_188_1kfu,0.9790239726027398
sampled_1kfu_model_189_1kfu,0.9740296803652968
sampled_1kfu_model_19_1kfu,0.9929366438356164
sampled_1kfu_model_190_1kfu,0.9668236301369864
sampled_1kfu_model_191_1kfu,0.9733162100456622
sampled_1kfu_model_192_1kfu,0.9651826484018264
sampled_1kfu_model_193_1kfu,0.9733162100456622
sampled_1kfu_model_194_1kfu,0.9824486301369864
sampled_1kfu_model_195_1kfu,0.985587899543379
sampled_1kfu_model_196_1kfu,0.9835188356164384
sampled_1kfu_model_197_1kfu,0.9697488584474886
sampled_1kfu_model_198_1kfu,0.9718179223744292
sampled_1kfu_model_199_1kfu,0.9727454337899544
sampled_1kfu_model_2_1kfu,0.9950770547945206
sampled_1kfu_model_20_1kfu,0.9759560502283106
sampled_1kfu_model_200_1kfu,0.967394406392694
sampled_1kfu_model_201_1kfu,0.9686786529680366
sampled_1kfu_model_202_1kfu,0.9535530821917808
sampled_1kfu_model_203_1kfu,0.9671090182648402
sampled_1kfu_model_204_1kfu,0.981806506849315
sampled_1kfu_model_205_1kfu,0.9565496575342466
sampled_1kfu_model_206_1kfu,0.9656820776255708
sampled_1kfu_model_207_1kfu,0.9549800228310502
sampled_1kfu_model_208_1kfu,0.9557648401826484
sampled_1kfu_model_209_1kfu,0.9634703196347032
sampled_1kfu_model_21_1kfu,0.9718179223744292
sampled_1kfu_model_210_1kfu,0.9798087899543378
sampled_1kfu_model_211_1kfu,0.9648972602739726
sampled_1kfu_model_212_1kfu,0.9536244292237442
sampled_1kfu_model_213_1kfu,0.9674657534246576
sampled_1kfu_model_214_1kfu,0.9479880136986302
sampled_1kfu_model_215_1kfu,0.9861586757990868
sampled_1kfu_model_216_1kfu,0.967537100456621
sampled_1kfu_model_217_1kfu,0.9581906392694064
sampled_1kfu_model_218_1kfu,0.9828053652968036
sampled_1kfu_model_219_1kfu,0.9624714611872146
sampled_1kfu_model_22_1kfu,0.9982163242009132
sampled_1kfu_model_220_1kfu,0.9768122146118722
sampled_1kfu_model_221_1kfu,0.9638270547945206
sampled_1kfu_model_222_1kfu,0.9611158675799086
sampled_1kfu_model_223_1kfu,0.972531392694064
sampled_1kfu_model_224_1kfu,0.9662528538812786
sampled_1kfu_model_225_1kfu,0.977097602739726
sampled_1kfu_model_226_1kfu,0.9743864155251142
sampled_1kfu_model_227_1kfu,0.9775256849315068
sampled_1kfu_model_228_1kfu,0.9657534246575342
sampled_1kfu_model_229_1kfu,0.954480593607306
sampled_1kfu_model_23_1kfu,0.9922945205479452
sampled_1kfu_model_230_1kfu,0.9656820776255708
sampled_1kfu_model_231_1kfu,0.973744292237443
sampled_1kfu_model_232_1kfu,0.9611872146118722
sampled_1kfu_model_233_1kfu,0.9651826484018264
sampled_1kfu_model_234_1kfu,0.9774543378995434
sampled_1kfu_model_235_1kfu,0.9651826484018264
sampled_1kfu_model_236_1kfu,0.9812357305936074
sampled_1kfu_model_237_1kfu,0.9631849315068494
sampled_1kfu_model_238_1kfu,0.9743864155251142
sampled_1kfu_model_239_1kfu,0.968607305936073
sampled_1kfu_model_24_1kfu,0.993935502283105
sampled_1kfu_model_240_1kfu,0.9779537671232876
sampled_1kfu_model_241_1kfu,0.9645405251141552
sampled_1kfu_model_242_1kfu,0.9428510273972602
sampled_1kfu_model_243_1kfu,0.9875142694063926
sampled_1kfu_model_244_1kfu,0.9636843607305936
sampled_1kfu_model_245_1kfu,0.966466894977169
sampled_1kfu_model_246_1kfu,0.9587614155251142
sampled_1kfu_model_247_1kfu,0.973458904109589
sampled_1kfu_model_248_1kfu,0.978167808219178
sampled_1kfu_model_249_1kfu,0.9644691780821918
sampled_1kfu_model_25_1kfu,0.9855165525114156
sampled_1kfu_model_250_1kfu,0.959046803652968
sampled_1kfu_model_251_1kfu,0.97574200913242
sampled_1kfu_model_252_1kfu,0.9701769406392694
sampled_1kfu_model_253_1kfu,0.9683932648401826
sampled_1kfu_model_254_1kfu,0.9535530821917808
sampled_1kfu_model_255_1kfu,0.9693921232876712
sampled_1kfu_model_256_1kfu,0.9425656392694064
sampled_1kfu_model_257_1kfu,0.939925799086758
sampled_1kfu_model_258_1kfu,0.9453481735159818
sampled_1kfu_model_259_1kfu,0.9657534246575342
sampled_1kfu_model_26_1kfu,0.9862300228310502
sampled_1kfu_model_260_1kfu,0.9712471461187214
sampled_1kfu_model_261_1kfu,0.9718179223744292
sampled_1kfu_model_262_1kfu,0.9526255707762558
sampled_1kfu_model_263_1kfu,0.9672517123287672
sampled_1kfu_model_264_1kfu,0.9667522831050228
sampled_1kfu_model_265_1kfu,0.954337899543379
sampled_1kfu_model_266_1kfu,0.951912100456621
sampled_1kfu_model_267_1kfu,0.9624714611872146
sampled_1kfu_model_268_1kfu,0.9641124429223744
sampled_1kfu_model_269_1kfu,0.960259703196347
sampled_1kfu_model_27_1kfu,0.9952197488584474
sampled_1kfu_model_270_1kfu,0.9695348173515982
sampled_1kfu_model_271_1kfu,0.9667522831050228
sampled_1kfu_model_272_1kfu,0.9684646118721462
sampled_1kfu_model_273_1kfu,0.9638270547945206
sampled_1kfu_model_274_1kfu,0.9669663242009132
sampled_1kfu_model_275_1kfu,0.9681792237442922
sampled_1kfu_model_276_1kfu,0.966324200913242
sampled_1kfu_model_277_1kfu,0.9657534246575342
sampled_1kfu_model_278_1kfu,0.9624714611872146
sampled_1kfu_model_279_1kfu,0.965111301369863
sampled_1kfu_model_28_1kfu,0.9884417808219178
sampled_1kfu_model_280_1kfu,0.9475599315068494
sampled_1kfu_model_281_1kfu,0.9853738584474886
sampled_1kfu_model_282_1kfu,0.9713898401826484
sampled_1kfu_model_283_1kfu,0.9659674657534246
sampled_1kfu_model_284_1kfu,0.9660388127853882
sampled_1kfu_model_285_1kfu,0.9695348173515982
sampled_1kfu_model_286_1kfu,0.9639697488584474
sampled_1kfu_model_287_1kfu,0.9738156392694064
sampled_1kfu_model_288_1kfu,0.9662528538812786
sampled_1kfu_model_289_1kfu,0.9595462328767124
sampled_1kfu_model_29_1kfu,0.976170091324201
sampled_1kfu_model_290_1kfu,0.9693921232876712
sampled_1kfu_model_291_1kfu,0.96011700913242
sampled_1kfu_model_292_1kfu,0.9678938356164384
sampled_1kfu_model_293_1kfu,0.9589754566210046
sampled_1kfu_model_294_1kfu,0.9669663242009132
sampled_1kfu_model_295_1kfu,0.9535530821917808
sampled_1kfu_model_296_1kfu,0.9479880136986302
sampled_1kfu_model_297_1kfu,0.9614012557077626
sampled_1kfu_model_298_1kfu,0.9615439497716894
sampled_1kfu_model_299_1kfu,0.9727454337899544
sampled_1kfu_model_3_1kfu,0.9895833333333334
sampled_1kfu_model_30_1kfu,0.9889412100456622
sampled_1kfu_model_300_1kfu,0.9700342465753424
sampled_1kfu_model_301_1kfu,0.945847602739726
sampled_1kfu_model_302_1kfu,0.9641837899543378
sampled_1kfu_model_303_1kfu,0.9663955479452054
sampled_1kfu_model_304_1kfu,0.962685502283105
sampled_1kfu_model_305_1kfu,0.9610445205479452
sampled_1kfu_model_306_1kfu,0.9624001141552512
sampled_1kfu_model_307_1kfu,0.9631135844748858
sampled_1kfu_model_308_1kfu,0.9611158675799086
sampled_1kfu_model_309_1kfu,0.96525399543379
sampled_1kfu_model_31_1kfu,0.9927939497716894
sampled_1kfu_model_310_1kfu,0.9389269406392694
sampled_1kfu_model_311_1kfu,0.9523401826484018
sampled_1kfu_model_312_1kfu,0.9660388127853882
sampled_1kfu_model_313_1kfu,0.9606164383561644
sampled_1kfu_model_314_1kfu,0.960259703196347
sampled_1kfu_model_315_1kfu,0.963755707762557
sampled_1kfu_model_316_1kfu,0.9738869863013698
sampled_1kfu_model_317_1kfu,0.966324200913242
sampled_1kfu_model_318_1kfu,0.9346461187214612
sampled_1kfu_model_319_1kfu,0.9678224885844748
sampled_1kfu_model_32_1kfu,0.9971461187214612
sampled_1kfu_model_320_1kfu,0.962828196347032
sampled_1kfu_model_321_1kfu,0.959046803652968
sampled_1kfu_model_322_1kfu,0.9662528538812786
sampled_1kfu_model_323_1kfu,0.9648259132420092
sampled_1kfu_model_324_1kfu,0.963898401826484
sampled_1kfu_model_325_1kfu,0.960545091324201
sampled_1kfu_model_326_1kfu,0.9743864155251142
sampled_1kfu_model_327_1kfu,0.9767408675799086
sampled_1kfu_model_328_1kfu,0.9681078767123288
sampled_1kfu_model_329_1kfu,0.9702482876712328
sampled_1kfu_model_33_1kfu,0.9729594748858448
sampled_1kfu_model_330_1kfu,0.9391409817351598
sampled_1kfu_model_331_1kfu,0.9646832191780822
sampled_1kfu_model_332_1kfu,0.9575485159817352
sampled_1kfu_model_333_1kfu,0.952054794520548
sampled_1kfu_model_334_1kfu,0.9646832191780822
sampled_1kfu_model_335_1kfu,0.9621147260273972
sampled_1kfu_model_336_1kfu,0.9643978310502284
sampled_1kfu_model_337_1kfu,0.9624001141552512
sampled_1kfu_model_338_1kfu,0.9607591324200914
sampled_1kfu_model_339_1kfu,0.967679794520548
sampled_1kfu_model_34_1kfu,0.9884417808219178
sampled_1kfu_model_340_1kfu,0.9657534246575342
sampled_1kfu_model_341_1kfu,0.968607305936073
sampled_1kfu_model_342_1kfu,0.9659674657534246
sampled_1kfu_model_343_1kfu,0.951769406392694
sampled_1kfu_model_344_1kfu,0.9669663242009132
sampled_1kfu_model_345_1kfu,0.967394406392694
sampled_1kfu_model_346_1kfu,0.957976598173516
sampled_1kfu_model_347_1kfu,0.962542808219178
sampled_1kfu_model_348_1kfu,0.9721033105022832
sampled_1kfu_model_349_1kfu,0.969962899543379
sampled_1kfu_model_35_1kfu,0.9849457762557078
sampled_1kfu_model_350_1kfu,0.966466894977169
sampled_1kfu_model_351_1kfu,0.9402111872146118
sampled_1kfu_model_352_1kfu,0.9648972602739726
sampled_1kfu_model_353_1kfu,0.9607591324200914
sampled_1kfu_model_354_1kfu,0.967679794520548
sampled_1kfu_model_355_1kfu,0.9599029680365296
sampled_1kfu_model_356_1kfu,0.9389269406392694
sampled_1kfu_model_357_1kfu,0.9549086757990868
sampled_1kfu_model_358_1kfu,0.9641837899543378
sampled_1kfu_model_359_1kfu,0.9502711187214612
sampled_1kfu_model_36_1kfu,0.983304794520548
sampled_1kfu_model_360_1kfu,0.9633276255707762
sampled_1kfu_model_361_1kfu,0.9558361872146118
sampled_1kfu_model_362_1kfu,0.9586900684931506
sampled_1kfu_model_363_1kfu,0.971033105022831
sampled_1kfu_model_364_1kfu,0.9551940639269406
sampled_1kfu_model_365_1kfu,0.9588327625570776
sampled_1kfu_model_366_1kfu,0.9581906392694064
sampled_1kfu_model_367_1kfu,0.9659674657534246
sampled_1kfu_model_368_1kfu,0.9612585616438356
sampled_1kfu_model_369_1kfu,0.959189497716895
sampled_1kfu_model_37_1kfu,0.9912243150684932
sampled_1kfu_model_370_1kfu,0.9564069634703196
sampled_1kfu_model_371_1kfu,0.9621147260273972
sampled_1kfu_model_372_1kfu,0.9586187214611872
sampled_1kfu_model_373_1kfu,0.967394406392694
sampled_1kfu_model_374_1kfu,0.9453481735159818
sampled_1kfu_model_375_1kfu,0.9660388127853882
sampled_1kfu_model_376_1kfu,0.958119292237443
sampled_1kfu_model_377_1kfu,0.9546232876712328
sampled_1kfu_model_378_1kfu,0.9597602739726028
sampled_1kfu_model_379_1kfu,0.9623287671232876
sampled_1kfu_model_38_1kfu,0.9826626712328768
sampled_1kfu_model_380_1kfu,0.9516267123287672
sampled_1kfu_model_381_1kfu,0.9604737442922374
sampled_1kfu_model_382_1kfu,0.9668949771689498
sampled_1kfu_model_383_1kfu,0.966181506849315
sampled_1kfu_model_384_1kfu,0.9612585616438356
sampled_1kfu_model_385_1kfu,0.9624714611872146
sampled_1kfu_model_386_1kfu,0.96175799086758
sampled_1kfu_model_387_1kfu,0.9666095890410958
sampled_1kfu_model_388_1kfu,0.942494292237443
sampled_1kfu_model_389_1kfu,0.9564783105022832
sampled_1kfu_model_39_1kfu,0.9950770547945206
sampled_1kfu_model_390_1kfu,0.9564783105022832
sampled_1kfu_model_391_1kfu,0.9587614155251142
sampled_1kfu_model_392_1kfu,0.964968607305936
sampled_1kfu_model_393_1kfu,0.957976598173516
sampled_1kfu_model_394_1kfu,0.965111301369863
sampled_1kfu_model_395_1kfu,0.9609731735159818
sampled_1kfu_model_396_1kfu,0.96011700913242
sampled_1kfu_model_397_1kfu,0.9620433789954338
sampled_1kfu_model_398_1kfu,0.960402397260274
sampled_1kfu_model_399_1kfu,0.960545091324201
sampled_1kfu_model_4_1kfu,0.9953624429223744
sampled_1kfu_model_40_1kfu,0.9955051369863014
sampled_1kfu_model_400_1kfu,0.9407819634703196
sampled_1kfu_model_401_1kfu,0.9594035388127854
sampled_1kfu_model_402_1kfu,0.9476312785388128
sampled_1kfu_model_403_1kfu,0.960402397260274
sampled_1kfu_model_404_1kfu,0.9615439497716894
sampled_1kfu_model_405_1kfu,0.9615439497716894
sampled_1kfu_model_406_1kfu,0.9603310502283106
sampled_1kfu_model_407_1kfu,0.9583333333333334
sampled_1kfu_model_408_1kfu,0.9606877853881278
sampled_1kfu_model_409_1kfu,0.957976598173516
sampled_1kfu_model_41_1kfu,0.9973601598173516
sampled_1kfu_model_410_1kfu,0.9561215753424658
sampled_1kfu_model_411_1kfu,0.9575485159817352
sampled_1kfu_model_412_1kfu,0.9414954337899544
sampled_1kfu_model_413_1kfu,0.9560502283105022
sampled_1kfu_model_414_1kfu,0.9619720319634704
sampled_1kfu_model_415_1kfu,0.9641837899543378
sampled_1kfu_model_416_1kfu,0.9627568493150684
sampled_1kfu_model_417_1kfu,0.9597602739726028
sampled_1kfu_model_418_1kfu,0.9596889269406392
sampled_1kfu_model_419_1kfu,0.9614012557077626
sampled_1kfu_model_42_1kfu,0.9947916666666666
sampled_1kfu_model_420_1kfu,0.9594035388127854
sampled_1kfu_model_421_1kfu,0.96875
sampled_1kfu_model_422_1kfu,0.9586900684931506
sampled_1kfu_model_423_1kfu,0.9526255707762558
sampled_1kfu_model_424_1kfu,0.9633989726027398
sampled_1kfu_model_425_1kfu,0.9633276255707762
sampled_1kfu_model_426_1kfu,0.9679651826484018
sampled_1kfu_model_427_1kfu,0.9479166666666666
sampled_1kfu_model_428_1kfu,0.9610445205479452
sampled_1kfu_model_429_1kfu,0.9562642694063926
sampled_1kfu_model_43_1kfu,0.9946489726027398
sampled_1kfu_model_430_1kfu,0.9636843607305936
sampled_1kfu_model_431_1kfu,0.9420662100456622
sampled_1kfu_model_432_1kfu,0.9576198630136986
sampled_1kfu_model_433_1kfu,0.957833904109589
sampled_1kfu_model_434_1kfu,0.961329908675799
sampled_1kfu_model_435_1kfu,0.9606164383561644
sampled_1kfu_model_436_1kfu,0.955550799086758
sampled_1kfu_model_437_1kfu,0.965111301369863
sampled_1kfu_model_438_1kfu,0.952982305936073
sampled_1kfu_model_439_1kfu,0.9686786529680366
sampled_1kfu_model_44_1kfu,0.9967893835616438
sampled_1kfu_model_440_1kfu,0.9456335616438356
sampled_1kfu_model_441_1kfu,0.9367151826484018
sampled_1kfu_model_442_1kfu,0.9624714611872146
sampled_1kfu_model_443_1kfu,0.9597602739726028
sampled_1kfu_model_444_1kfu,0.9632562785388128
sampled_1kfu_model_445_1kfu,0.9525542237442922
sampled_1kfu_model_446_1kfu,0.9580479452054794
sampled_1kfu_model_447_1kfu,0.9424229452054794
sampled_1kfu_model_448_1kfu,0.950841894977169
sampled_1kfu_model_449_1kfu,0.9624714611872146
sampled_1kfu_model_45_1kfu,0.99136700913242
sampled_1kfu_model_450_1kfu,0.9657534246575342
sampled_1kfu_model_451_1kfu,0.965111301369863
sampled_1kfu_model_452_1kfu,0.9518407534246576
sampled_1kfu_model_453_1kfu,0.9535530821917808
sampled_1kfu_model_454_1kfu,0.9323630136986302
sampled_1kfu_model_455_1kfu,0.9597602739726028
sampled_1kfu_model_456_1kfu,0.9596175799086758
sampled_1kfu_model_457_1kfu,0.9574058219178082
sampled_1kfu_model_458_1kfu,0.9289383561643836
sampled_1kfu_model_459_1kfu,0.9609731735159818
sampled_1kfu_model_46_1kfu,0.9736729452054794
sampled_1kfu_model_460_1kfu,0.9599743150684932
sampled_1kfu_model_461_1kfu,0.962685502283105
sampled_1kfu_model_462_1kfu,0.9367865296803652
sampled_1kfu_model_463_1kfu,0.9560502283105022
sampled_1kfu_model_464_1kfu,0.9575485159817352
sampled_1kfu_model_465_1kfu,0.9604737442922374
sampled_1kfu_model_466_1kfu,0.9571917808219178
sampled_1kfu_model_467_1kfu,0.9529109589041096
sampled_1kfu_model_468_1kfu,0.9405679223744292
sampled_1kfu_model_469_1kfu,0.9586187214611872
sampled_1kfu_model_47_1kfu,0.995148401826484
sampled_1kfu_model_470_1kfu,0.9611158675799086
sampled_1kfu_model_471_1kfu,0.9515553652968036
sampled_1kfu_model_472_1kfu,0.9342893835616438
sampled_1kfu_model_473_1kfu,0.9560502283105022
sampled_1kfu_model_474_1kfu,0.9667522831050228
sampled_1kfu_model_475_1kfu,0.959332191780822
sampled_1kfu_model_476_1kfu,0.96011700913242
sampled_1kfu_model_477_1kfu,0.9638270547945206
sampled_1kfu_model_478_1kfu,0.951769406392694
sampled_1kfu_model_479_1kfu,0.9646832191780822
sampled_1kfu_model_48_1kfu,0.9958618721461188
sampled_1kfu_model_480_1kfu,0.9416381278538812
sampled_1kfu_model_481_1kfu,0.955408105022831
sampled_1kfu_model_482_1kfu,0.9408533105022832
sampled_1kfu_model_483_1kfu,0.9563356164383562
sampled_1kfu_model_484_1kfu,0.9604737442922374
sampled_1kfu_model_485_1kfu,0.9560502283105022
sampled_1kfu_model_486_1kfu,0.9554794520547946
sampled_1kfu_model_487_1kfu,0.9638270547945206
sampled_1kfu_model_488_1kfu,0.94962899543379
sampled_1kfu_model_489_1kfu,0.9572631278538812
sampled_1kfu_model_49_1kfu,0.993792808219178
sampled_1kfu_model_490_1kfu,0.9681792237442922
sampled_1kfu_model_491_1kfu,0.9632562785388128
sampled_1kfu_model_492_1kfu,0.9579052511415526
sampled_1kfu_model_493_1kfu,0.96525399543379
sampled_1kfu_model_494_1kfu,0.9539098173515982
sampled_1kfu_model_495_1kfu,0.9377853881278538
sampled_1kfu_model_496_1kfu,0.95662100456621
sampled_1kfu_model_497_1kfu,0.9611158675799086
sampled_1kfu_model_498_1kfu,0.9574058219178082
sampled_1kfu_model_499_1kfu,0.9607591324200914
sampled_1kfu_model_5_1kfu,0.983162100456621
sampled_1kfu_model_50_1kfu,0.9921518264840182
sampled_1kfu_model_500_1kfu,0.9519834474885844
sampled_1kfu_model_501_1kfu,0.959189497716895
sampled_1kfu_model_502_1kfu,0.9681078767123288
sampled_1kfu_model_503_1kfu,0.9544092465753424
sampled_1kfu_model_504_1kfu,0.9499143835616438
sampled_1kfu_model_505_1kfu,0.9511986301369864
sampled_1kfu_model_506_1kfu,0.9534103881278538
sampled_1kfu_model_507_1kfu,0.9347888127853882
sampled_1kfu_model_508_1kfu,0.957833904109589
sampled_1kfu_model_509_1kfu,0.9574771689497716
sampled_1kfu_model_51_1kfu,0.9895119863013698
sampled_1kfu_model_510_1kfu,0.9601883561643836
sampled_1kfu_model_511_1kfu,0.9510559360730594
sampled_1kfu_model_512_1kfu,0.9596889269406392
sampled_1kfu_model_513_1kfu,0.9512699771689498
sampled_1kfu_model_514_1kfu,0.953125
sampled_1kfu_model_515_1kfu,0.962542808219178
sampled_1kfu_model_516_1kfu,0.9643978310502284
sampled_1kfu_model_517_1kfu,0.948273401826484
sampled_1kfu_model_518_1kfu,0.9542665525114156
sampled_1kfu_model_519_1kfu,0.9589754566210046
sampled_1kfu_model_52_1kfu,0.9894406392694064
sampled_1kfu_model_520_1kfu,0.9554794520547946
sampled_1kfu_model_521_1kfu,0.930222602739726
sampled_1kfu_model_522_1kfu,0.9454195205479452
sampled_1kfu_model_523_1kfu,0.9586187214611872
sampled_1kfu_model_524_1kfu,0.9604737442922374
sampled_1kfu_model_525_1kfu,0.9540525114155252
sampled_1kfu_model_526_1kfu,0.959189497716895
sampled_1kfu_model_527_1kfu,0.961472602739726
sampled_1kfu_model_528_1kfu,0.948416095890411
sampled_1kfu_model_529_1kfu,0.9561215753424658
sampled_1kfu_model_53_1kfu,0.9838042237442922
sampled_1kfu_model_530_1kfu,0.949343607305936
sampled_1kfu_model_531_1kfu,0.9618293378995434
sampled_1kfu_model_532_1kfu,0.9509132420091324
sampled_1kfu_model_533_1kfu,0.9626141552511416
sampled_1kfu_model_534_1kfu,0.9564069634703196
sampled_1kfu_model_535_1kfu,0.9510559360730594
sampled_1kfu_model_536_1kfu,0.9676084474885844
sampled_1kfu_model_537_1kfu,0.9397117579908676
sampled_1kfu_model_538_1kfu,0.939783105022831
sampled_1kfu_model_539_1kfu,0.9380707762557078
sampled_1kfu_model_54_1kfu,0.9765268264840182
sampled_1kfu_model_540_1kfu,0.950841894977169
sampled_1kfu_model_541_1kfu,0.9559075342465754
sampled_1kfu_model_542_1kfu,0.9336472602739726
sampled_1kfu_model_543_1kfu,0.966466894977169
sampled_1kfu_model_544_1kfu,0.9514840182648402
sampled_1kfu_model_545_1kfu,0.9546232876712328
sampled_1kfu_model_546_1kfu,0.9584046803652968
sampled_1kfu_model_547_1kfu,0.956763698630137
sampled_1kfu_model_548_1kfu,0.9519834474885844
sampled_1kfu_model_549_1kfu,0.9547659817351598
sampled_1kfu_model_55_1kfu,0.984517694063927
sampled_1kfu_model_550_1kfu,0.9441352739726028
sampled_1kfu_model_551_1kfu,0.9310074200913242
sampled_1kfu_model_552_1kfu,0.9561215753424658
sampled_1kfu_model_553_1kfu,0.964041095890411
sampled_1kfu_model_554_1kfu,0.9538384703196348
sampled_1kfu_model_555_1kfu,0.9624714611872146
sampled_1kfu_model_556_1kfu,0.959189497716895
sampled_1kfu_model_557_1kfu,0.9626141552511416
sampled_1kfu_model_558_1kfu,0.9592608447488584
sampled_1kfu_model_559_1kfu,0.9595462328767124
sampled_1kfu_model_56_1kfu,0.9856592465753424
sampled_1kfu_model_560_1kfu,0.9524115296803652
sampled_1kfu_model_561_1kfu,0.9614012557077626
sampled_1kfu_model_562_1kfu,0.9254423515981736
sampled_1kfu_model_563_1kfu,0.9600456621004566
sampled_1kfu_model_564_1kfu,0.9570490867579908
sampled_1kfu_model_565_1kfu,0.9511986301369864
sampled_1kfu_model_566_1kfu,0.947203196347032
sampled_1kfu_model_567_1kfu,0.9539811643835616
sampled_1kfu_model_568_1kfu,0.9542665525114156
sampled_1kfu_model_569_1kfu,0.952982305936073
sampled_1kfu_model_57_1kfu,0.9810216894977168
sampled_1kfu_model_570_1kfu,0.96011700913242
sampled_1kfu_model_571_1kfu,0.9307933789954338
sampled_1kfu_model_572_1kfu,0.9564069634703196
sampled_1kfu_model_573_1kfu,0.9610445205479452
sampled_1kfu_model_574_1kfu,0.9561929223744292
sampled_1kfu_model_575_1kfu,0.9562642694063926
sampled_1kfu_model_576_1kfu,0.9620433789954338
sampled_1kfu_model_577_1kfu,0.9359303652968036
sampled_1kfu_model_578_1kfu,0.954337899543379
sampled_1kfu_model_579_1kfu,0.9575485159817352
sampled_1kfu_model_58_1kfu,0.963755707762557
sampled_1kfu_model_580_1kfu,0.9587614155251142
sampled_1kfu_model_581_1kfu,0.9239440639269406
sampled_1kfu_model_582_1kfu,0.9541238584474886
sampled_1kfu_model_583_1kfu,0.9564069634703196
sampled_1kfu_model_584_1kfu,0.9419948630136986
sampled_1kfu_model_585_1kfu,0.959189497716895
sampled_1kfu_model_586_1kfu,0.9534103881278538
sampled_1kfu_model_587_1kfu,0.9586187214611872
sampled_1kfu_model_588_1kfu,0.9641837899543378
sampled_1kfu_model_589_1kfu,0.9588327625570776
sampled_1kfu_model_59_1kfu,0.9684646118721462
sampled_1kfu_model_590_1kfu,0.9474172374429224
sampled_1kfu_model_591_1kfu,0.9562642694063926
sampled_1kfu_model_592_1kfu,0.958904109589041
sampled_1kfu_model_593_1kfu,0.9295091324200914
sampled_1kfu_model_594_1kfu,0.9558361872146118
sampled_1kfu_model_595_1kfu,0.9581906392694064
sampled_1kfu_model_596_1kfu,0.9562642694063926
sampled_1kfu_model_597_1kfu,0.9454195205479452
sampled_1kfu_model_598_1kfu,0.9538384703196348
sampled_1kfu_model_599_1kfu,0.9466324200913242
sampled_1kfu_model_6_1kfu,0.9947916666666666
sampled_1kfu_model_60_1kfu,0.9730308219178082
sampled_1kfu_model_600_1kfu,0.961615296803653
sampled_1kfu_model_601_1kfu,0.9582619863013698
sampled_1kfu_model_602_1kfu,0.9485587899543378
sampled_1kfu_model_603_1kfu,0.9584760273972602
sampled_1kfu_model_604_1kfu,0.9534817351598174
sampled_1kfu_model_605_1kfu,0.9603310502283106
sampled_1kfu_model_606_1kfu,0.9476312785388128
sampled_1kfu_model_607_1kfu,0.9310787671232876
sampled_1kfu_model_608_1kfu,0.9607591324200914
sampled_1kfu_model_609_1kfu,0.9586187214611872
sampled_1kfu_model_61_1kfu,0.9860159817351598
sampled_1kfu_model_610_1kfu,0.9541238584474886
sampled_1kfu_model_611_1kfu,0.9580479452054794
sampled_1kfu_model_612_1kfu,0.9604737442922374
sampled_1kfu_model_613_1kfu,0.960545091324201
sampled_1kfu_model_614_1kfu,0.944920091324201
sampled_1kfu_model_615_1kfu,0.960402397260274
sampled_1kfu_model_616_1kfu,0.9524828767123288
sampled_1kfu_model_617_1kfu,0.931720890410959
sampled_1kfu_model_618_1kfu,0.9525542237442922
sampled_1kfu_model_619_1kfu,0.9317922374429224
sampled_1kfu_model_62_1kfu,0.9741010273972602
sampled_1kfu_model_620_1kfu,0.9542665525114156
sampled_1kfu_model_621_1kfu,0.9534103881278538
sampled_1kfu_model_622_1kfu,0.9480593607305936
sampled_1kfu_model_623_1kfu,0.9609018264840182
sampled_1kfu_model_624_1kfu,0.9509845890410958
sampled_1kfu_model_625_1kfu,0.9604737442922374
sampled_1kfu_model_626_1kfu,0.942351598173516
sampled_1kfu_model_627_1kfu,0.9281535388127854
sampled_1kfu_model_628_1kfu,0.9586900684931506
sampled_1kfu_model_629_1kfu,0.9546946347031964
sampled_1kfu_model_63_1kfu,0.971175799086758
sampled_1kfu_model_630_1kfu,0.9549086757990868
sampled_1kfu_model_631_1kfu,0.9513413242009132
sampled_1kfu_model_632_1kfu,0.9524115296803652
sampled_1kfu_model_633_1kfu,0.959189497716895
sampled_1kfu_model_634_1kfu,0.9653253424657534
sampled_1kfu_model_635_1kfu,0.9586187214611872
sampled_1kfu_model_636_1kfu,0.9278681506849316
sampled_1kfu_model_637_1kfu,0.959189497716895
sampled_1kfu_model_638_1kfu,0.9608304794520548
sampled_1kfu_model_639_1kfu,0.9551940639269406
sampled_1kfu_model_64_1kfu,0.9744577625570776
sampled_1kfu_model_640_1kfu,0.9372146118721462
sampled_1kfu_model_641_1kfu,0.9582619863013698
sampled_1kfu_model_642_1kfu,0.9322203196347032
sampled_1kfu_model_643_1kfu,0.9501997716894978
sampled_1kfu_model_644_1kfu,0.9476312785388128
sampled_1kfu_model_645_1kfu,0.9586187214611872
sampled_1kfu_model_646_1kfu,0.9579052511415526
sampled_1kfu_model_647_1kfu,0.9480593607305936
sampled_1kfu_model_648_1kfu,0.9265125570776256
sampled_1kfu_model_649_1kfu,0.9462043378995434
sampled_1kfu_model_65_1kfu,0.991509703196347
sampled_1kfu_model_650_1kfu,0.9594748858447488
sampled_1kfu_model_651_1kfu,0.9533390410958904
sampled_1kfu_model_652_1kfu,0.9526969178082192
sampled_1kfu_model_653_1kfu,0.948130707762557
sampled_1kfu_model_654_1kfu,0.9477026255707762
sampled_1kfu_model_655_1kfu,0.9507705479452054
sampled_1kfu_model_656_1kfu,0.959332191780822
sampled_1kfu_model_657_1kfu,0.9439925799086758
sampled_1kfu_model_658_1kfu,0.9527682648401826
sampled_1kfu_model_659_1kfu,0.9568350456621004
sampled_1kfu_model_66_1kfu,0.9856592465753424
sampled_1kfu_model_660_1kfu,0.9552654109589042
sampled_1kfu_model_661_1kfu,0.9563356164383562
sampled_1kfu_model_662_1kfu,0.9545519406392694
sampled_1kfu_model_663_1kfu,0.9297945205479452
sampled_1kfu_model_664_1kfu,0.9554794520547946
sampled_1kfu_model_665_1kfu,0.958904109589041
sampled_1kfu_model_666_1kfu,0.9566923515981736
sampled_1kfu_model_667_1kfu,0.9561929223744292
sampled_1kfu_model_668_1kfu,0.9477739726027398
sampled_1kfu_model_669_1kfu,0.9571917808219178
sampled_1kfu_model_67_1kfu,0.9809503424657534
sampled_1kfu_model_670_1kfu,0.958904109589041
sampled_1kfu_model_671_1kfu,0.9503424657534246
sampled_1kfu_model_672_1kfu,0.9511986301369864
sampled_1kfu_model_673_1kfu,0.9601883561643836
sampled_1kfu_model_674_1kfu,0.9524828767123288
sampled_1kfu_model_675_1kfu,0.942351598173516
sampled_1kfu_model_676_1kfu,0.9459189497716894
sampled_1kfu_model_677_1kfu,0.9546946347031964
sampled_1kfu_model_678_1kfu,0.9522688356164384
sampled_1kfu_model_679_1kfu,0.9285102739726028
sampled_1kfu_model_68_1kfu,0.9680365296803652
sampled_1kfu_model_680_1kfu,0.9286529680365296
sampled_1kfu_model_681_1kfu,0.9274400684931506
sampled_1kfu_model_682_1kfu,0.9541238584474886
sampled_1kfu_model_683_1kfu,0.9574771689497716
sampled_1kfu_model_684_1kfu,0.9546232876712328
sampled_1kfu_model_685_1kfu,0.952982305936073
sampled_1kfu_model_686_1kfu,0.9497716894977168
sampled_1kfu_model_687_1kfu,0.9469891552511416
sampled_1kfu_model_688_1kfu,0.9234446347031964
sampled_1kfu_model_689_1kfu,0.924300799086758
sampled_1kfu_model_69_1kfu,0.9728167808219178
sampled_1kfu_model_690_1kfu,0.9535530821917808
sampled_1kfu_model_691_1kfu,0.9513413242009132
sampled_1kfu_model_692_1kfu,0.9573344748858448
sampled_1kfu_model_693_1kfu,0.948273401826484
sampled_1kfu_model_694_1kfu,0.9503424657534246
sampled_1kfu_model_695_1kfu,0.960545091324201
sampled_1kfu_model_696_1kfu,0.9586187214611872
sampled_1kfu_model_697_1kfu,0.9501284246575342
sampled_1kfu_model_698_1kfu,0.947060502283105
sampled_1kfu_model_699_1kfu,0.9585473744292238
sampled_1kfu_model_7_1kfu,0.9809503424657534
sampled_1kfu_model_70_1kfu,0.9834474885844748
sampled_1kfu_model_700_1kfu,0.9521261415525114
sampled_1kfu_model_701_1kfu,0.945990296803653
sampled_1kfu_model_702_1kfu,0.9533390410958904
sampled_1kfu_model_703_1kfu,0.9573344748858448
sampled_1kfu_model_704_1kfu,0.9489868721461188
sampled_1kfu_model_705_1kfu,0.948130707762557
sampled_1kfu_model_706_1kfu,0.9471318493150684
sampled_1kfu_model_707_1kfu,0.9507705479452054
sampled_1kfu_model_708_1kfu,0.9445633561643836
sampled_1kfu_model_709_1kfu,0.950556506849315
sampled_1kfu_model_71_1kfu,0.9885844748858448
sampled_1kfu_model_710_1kfu,0.9537671232876712
sampled_1kfu_model_711_1kfu,0.9595462328767124
sampled_1kfu_model_712_1kfu,0.9495576484018264
sampled_1kfu_model_713_1kfu,0.9582619863013698
sampled_1kfu_model_714_1kfu,0.9454195205479452
sampled_1kfu_model_715_1kfu,0.9606877853881278
sampled_1kfu_model_716_1kfu,0.9559788812785388
sampled_1kfu_model_717_1kfu,0.9538384703196348
sampled_1kfu_model_718_1kfu,0.954480593607306
sampled_1kfu_model_719_1kfu,0.9516980593607306
sampled_1kfu_model_72_1kfu,0.9912243150684932
sampled_1kfu_model_720_1kfu,0.9554794520547946
sampled_1kfu_model_721_1kfu,0.9559788812785388
sampled_1kfu_model_722_1kfu,0.9497716894977168
sampled_1kfu_model_723_1kfu,0.9548373287671232
sampled_1kfu_model_724_1kfu,0.9586900684931506
sampled_1kfu_model_725_1kfu,0.9564069634703196
sampled_1kfu_model_726_1kfu,0.9562642694063926
sampled_1kfu_model_727_1kfu,0.9587614155251142
sampled_1kfu_model_728_1kfu,0.9521261415525114
sampled_1kfu_model_729_1kfu,0.9419235159817352
sampled_1kfu_model_73_1kfu,0.9823772831050228
sampled_1kfu_model_730_1kfu,0.9546946347031964
sampled_1kfu_model_731_1kfu,0.9462043378995434
sampled_1kfu_model_732_1kfu,0.9540525114155252
sampled_1kfu_model_733_1kfu,0.9599029680365296
sampled_1kfu_model_734_1kfu,0.9594748858447488
sampled_1kfu_model_735_1kfu,0.9595462328767124
sampled_1kfu_model_736_1kfu,0.930079908675799
sampled_1kfu_model_737_1kfu,0.954480593607306
sampled_1kfu_model_738_1kfu,0.9417808219178082
sampled_1kfu_model_739_1kfu,0.9601883561643836
sampled_1kfu_model_74_1kfu,0.9688213470319634
sampled_1kfu_model_740_1kfu,0.9460616438356164
sampled_1kfu_model_741_1kfu,0.9559788812785388
sampled_1kfu_model_742_1kfu,0.9607591324200914
sampled_1kfu_model_743_1kfu,0.961329908675799
sampled_1kfu_model_744_1kfu,0.9519834474885844
sampled_1kfu_model_745_1kfu,0.9486301369863014
sampled_1kfu_model_746_1kfu,0.9558361872146118
sampled_1kfu_model_747_1kfu,0.9604737442922374
sampled_1kfu_model_748_1kfu,0.955408105022831
sampled_1kfu_model_749_1kfu,0.96011700913242
sampled_1kfu_model_75_1kfu,0.9825199771689498
sampled_1kfu_model_750_1kfu,0.9472745433789954
sampled_1kfu_model_751_1kfu,0.9448487442922374
sampled_1kfu_model_752_1kfu,0.955693493150685
sampled_1kfu_model_753_1kfu,0.9386415525114156
sampled_1kfu_model_754_1kfu,0.9556221461187214
sampled_1kfu_model_755_1kfu,0.9499857305936074
sampled_1kfu_model_756_1kfu,0.9538384703196348
sampled_1kfu_model_757_1kfu,0.9570490867579908
sampled_1kfu_model_758_1kfu,0.95662100456621
sampled_1kfu_model_759_1kfu,0.92886700913242
sampled_1kfu_model_76_1kfu,0.9805222602739726
sampled_1kfu_model_760_1kfu,0.9204480593607306
sampled_1kfu_model_761_1kfu,0.9554794520547946
sampled_1kfu_model_762_1kfu,0.926726598173516
sampled_1kfu_model_763_1kfu,0.9497716894977168
sampled_1kfu_model_764_1kfu,0.9524115296803652
sampled_1kfu_model_765_1kfu,0.9549800228310502
sampled_1kfu_model_766_1kfu,0.9329337899543378
sampled_1kfu_model_767_1kfu,0.9310074200913242
sampled_1kfu_model_768_1kfu,0.9527682648401826
sampled_1kfu_model_769_1kfu,0.948416095890411
sampled_1kfu_model_77_1kfu,0.9780964611872146
sampled_1kfu_model_770_1kfu,0.945704908675799
sampled_1kfu_model_771_1kfu,0.9509132420091324
sampled_1kfu_model_772_1kfu,0.9305793378995434
sampled_1kfu_model_773_1kfu,0.9582619863013698
sampled_1kfu_model_774_1kfu,0.9420662100456622
sampled_1kfu_model_775_1kfu,0.9591181506849316
sampled_1kfu_model_776_1kfu,0.9442779680365296
sampled_1kfu_model_777_1kfu,0.9569777397260274
sampled_1kfu_model_778_1kfu,0.9599029680365296
sampled_1kfu_model_779_1kfu,0.926583904109589
sampled_1kfu_model_78_1kfu,0.9788099315068494
sampled_1kfu_model_780_1kfu,0.9453481735159818
sampled_1kfu_model_781_1kfu,0.9497716894977168
sampled_1kfu_model_782_1kfu,0.9515553652968036
sampled_1kfu_model_783_1kfu,0.9545519406392694
sampled_1kfu_model_784_1kfu,0.9462043378995434
sampled_1kfu_model_785_1kfu,0.9607591324200914
sampled_1kfu_model_786_1kfu,0.9534817351598174
sampled_1kfu_model_787_1kfu,0.9550513698630136
sampled_1kfu_model_788_1kfu,0.9526969178082192
sampled_1kfu_model_789_1kfu,0.9510559360730594
sampled_1kfu_model_79_1kfu,0.9846603881278538
sampled_1kfu_model_790_1kfu,0.9468464611872146
sampled_1kfu_model_791_1kfu,0.9595462328767124
sampled_1kfu_model_792_1kfu,0.950841894977169
sampled_1kfu_model_793_1kfu,0.9537671232876712
sampled_1kfu_model_794_1kfu,0.9513413242009132
sampled_1kfu_model_795_1kfu,0.9528396118721462
sampled_1kfu_model_796_1kfu,0.9534817351598174
sampled_1kfu_model_797_1kfu,0.9534817351598174
sampled_1kfu_model_798_1kfu,0.948416095890411
sampled_1kfu_model_799_1kfu,0.9527682648401826
sampled_1kfu_model_8_1kfu,0.985587899543379
sampled_1kfu_model_80_1kfu,0.9746004566210046
sampled_1kfu_model_800_1kfu,0.9320062785388128
sampled_1kfu_model_801_1kfu,0.9534103881278538
sampled_1kfu_model_802_1kfu,0.9407819634703196
sampled_1kfu_model_803_1kfu,0.9522688356164384
sampled_1kfu_model_804_1kfu,0.9525542237442922
sampled_1kfu_model_805_1kfu,0.9539811643835616
sampled_1kfu_model_806_1kfu,0.94613299086758
sampled_1kfu_model_807_1kfu,0.94613299086758
sampled_1kfu_model_808_1kfu,0.9583333333333334
sampled_1kfu_model_809_1kfu,0.9483447488584474
sampled_1kfu_model_81_1kfu,0.9759560502283106
sampled_1kfu_model_810_1kfu,0.9547659817351598
sampled_1kfu_model_811_1kfu,0.9554794520547946
sampled_1kfu_model_812_1kfu,0.9560502283105022
sampled_1kfu_model_813_1kfu,0.9518407534246576
sampled_1kfu_model_814_1kfu,0.9549800228310502
sampled_1kfu_model_815_1kfu,0.94613299086758
sampled_1kfu_model_816_1kfu,0.9201626712328768
sampled_1kfu_model_817_1kfu,0.924443493150685
sampled_1kfu_model_818_1kfu,0.9580479452054794
sampled_1kfu_model_819_1kfu,0.9504851598173516
sampled_1kfu_model_82_1kfu,0.9779537671232876
sampled_1kfu_model_820_1kfu,0.9611872146118722
sampled_1kfu_model_821_1kfu,0.9474885844748858
sampled_1kfu_model_822_1kfu,0.9442066210045662
sampled_1kfu_model_823_1kfu,0.9576198630136986
sampled_1kfu_model_824_1kfu,0.938855593607306
sampled_1kfu_model_825_1kfu,0.929152397260274
sampled_1kfu_model_826_1kfu,0.9525542237442922
sampled_1kfu_model_827_1kfu,0.9443493150684932
sampled_1kfu_model_828_1kfu,0.9584046803652968
sampled_1kfu_model_829_1kfu,0.9491295662100456
sampled_1kfu_model_83_1kfu,0.9736729452054794
sampled_1kfu_model_830_1kfu,0.948273401826484
sampled_1kfu_model_831_1kfu,0.945704908675799
sampled_1kfu_model_832_1kfu,0.9587614155251142
sampled_1kfu_model_833_1kfu,0.947060502283105
sampled_1kfu_model_834_1kfu,0.9429223744292238
sampled_1kfu_model_835_1kfu,0.9571204337899544
sampled_1kfu_model_836_1kfu,0.9598316210045662
sampled_1kfu_model_837_1kfu,0.9576198630136986
sampled_1kfu_model_838_1kfu,0.96011700913242
sampled_1kfu_model_839_1kfu,0.948130707762557
sampled_1kfu_model_84_1kfu,0.9931506849315068
sampled_1kfu_model_840_1kfu,0.9535530821917808
sampled_1kfu_model_841_1kfu,0.9285816210045662
sampled_1kfu_model_842_1kfu,0.9524115296803652
sampled_1kfu_model_843_1kfu,0.959046803652968
sampled_1kfu_model_844_1kfu,0.9510559360730594
sampled_1kfu_model_845_1kfu,0.954480593607306
sampled_1kfu_model_846_1kfu,0.9441352739726028
sampled_1kfu_model_847_1kfu,0.9589754566210046
sampled_1kfu_model_848_1kfu,0.9434931506849316
sampled_1kfu_model_849_1kfu,0.9436358447488584
sampled_1kfu_model_85_1kfu,0.9778824200913242
sampled_1kfu_model_850_1kfu,0.9549800228310502
sampled_1kfu_model_851_1kfu,0.9577625570776256
sampled_1kfu_model_852_1kfu,0.9309360730593608
sampled_1kfu_model_853_1kfu,0.9548373287671232
sampled_1kfu_model_854_1kfu,0.9551940639269406
sampled_1kfu_model_855_1kfu,0.9316495433789954
sampled_1kfu_model_856_1kfu,0.9575485159817352
sampled_1kfu_model_857_1kfu,0.9511272831050228
sampled_1kfu_model_858_1kfu,0.9571204337899544
sampled_1kfu_model_859_1kfu,0.9542665525114156
sampled_1kfu_model_86_1kfu,0.9805222602739726
sampled_1kfu_model_860_1kfu,0.9404252283105022
sampled_1kfu_model_861_1kfu,0.9596175799086758
sampled_1kfu_model_862_1kfu,0.9557648401826484
sampled_1kfu_model_863_1kfu,0.957833904109589
sampled_1kfu_model_864_1kfu,0.9524115296803652
sampled_1kfu_model_865_1kfu,0.9518407534246576
sampled_1kfu_model_866_1kfu,0.9587614155251142
sampled_1kfu_model_867_1kfu,0.9522688356164384
sampled_1kfu_model_868_1kfu,0.9479880136986302
sampled_1kfu_model_869_1kfu,0.9536957762557078
sampled_1kfu_model_87_1kfu,0.97738299086758
sampled_1kfu_model_870_1kfu,0.9570490867579908
sampled_1kfu_model_871_1kfu,0.948416095890411
sampled_1kfu_model_872_1kfu,0.9515553652968036
sampled_1kfu_model_873_1kfu,0.9443493150684932
sampled_1kfu_model_874_1kfu,0.9533390410958904
sampled_1kfu_model_875_1kfu,0.9497716894977168
sampled_1kfu_model_876_1kfu,0.94613299086758
sampled_1kfu_model_877_1kfu,0.950699200913242
sampled_1kfu_model_878_1kfu,0.9502711187214612
sampled_1kfu_model_879_1kfu,0.954195205479452
sampled_1kfu_model_88_1kfu,0.9765981735159818
sampled_1kfu_model_880_1kfu,0.9235159817351598
sampled_1kfu_model_89_1kfu,0.9911529680365296
sampled_1kfu_model_9_1kfu,0.98787100456621
sampled_1kfu_model_90_1kfu,0.9833761415525114
sampled_1kfu_model_91_1kfu,0.9539811643835616
sampled_1kfu_model_92_1kfu,0.9835188356164384
sampled_1kfu_model_93_1kfu,0.9668236301369864
sampled_1kfu_model_94_1kfu,0.9782391552511416
sampled_1kfu_model_95_1kfu,0.9839469178082192
sampled_1kfu_model_96_1kfu,0.9791666666666666
sampled_1kfu_model_97_1kfu,0.9743150684931506
sampled_1kfu_model_98_1kfu,0.992722602739726
sampled_1kfu_model_99_1kfu,0.9932933789954338
random_1kfu_model_1_1kfu,0.9968607305936074
random_1kfu_model_10_1kfu,0.9853738584474886
random_1kfu_model_100_1kfu,0.9976455479452054
random_1kfu_model_1000_1kfu,0.9979309360730594
random_1kfu_model_101_1kfu,0.9957905251141552
random_1kfu_model_102_1kfu,0.9889412100456622
random_1kfu_model_103_1kfu,0.9954337899543378
random_1kfu_model_104_1kfu,0.9838755707762558
random_1kfu_model_105_1kfu,0.9931506849315068
random_1kfu_model_106_1kfu,0.9768835616438356
random_1kfu_model_107_1kfu,0.993792808219178
random_1kfu_model_108_1kfu,0.997716894977169
random_1kfu_model_109_1kfu,0.9920091324200914
random_1kfu_model_11_1kfu,0.9932933789954338
random_1kfu_model_110_1kfu,0.9872288812785388
random_1kfu_model_111_1kfu,0.9787385844748858
random_1kfu_model_112_1kfu,0.9900827625570776
random_1kfu_model_113_1kfu,0.9718179223744292
random_1kfu_model_114_1kfu,0.9932220319634704
random_1kfu_model_115_1kfu,0.9964326484018264
random_1kfu_model_116_1kfu,0.9937214611872146
random_1kfu_model_117_1kfu,0.9832334474885844
random_1kfu_model_118_1kfu,0.9843036529680366
random_1kfu_model_119_1kfu,0.9825913242009132
random_1kfu_model_12_1kfu,0.994078196347032
random_1kfu_model_120_1kfu,0.9948630136986302
random_1kfu_model_121_1kfu,0.998787100456621
random_1kfu_model_122_1kfu,0.99650399543379
random_1kfu_model_123_1kfu,0.989369292237443
random_1kfu_model_124_1kfu,0.9912243150684932
random_1kfu_model_125_1kfu,0.9845890410958904
random_1kfu_model_126_1kfu,0.9885131278538812
random_1kfu_model_127_1kfu,0.9937214611872146
random_1kfu_model_128_1kfu,0.9839469178082192
random_1kfu_model_129_1kfu,0.99300799086758
random_1kfu_model_13_1kfu,0.9957191780821918
random_1kfu_model_130_1kfu,0.9875142694063926
random_1kfu_model_131_1kfu,0.9921518264840182
random_1kfu_model_132_1kfu,0.9957905251141552
random_1kfu_model_133_1kfu,0.9967180365296804
random_1kfu_model_134_1kfu,0.9943635844748858
random_1kfu_model_135_1kfu,0.9959332191780822
random_1kfu_model_136_1kfu,0.9900114155251142
random_1kfu_model_137_1kfu,0.9912243150684932
random_1kfu_model_138_1kfu,0.9922945205479452
random_1kfu_model_139_1kfu,0.9935074200913242
random_1kfu_model_14_1kfu,0.9636130136986302
random_1kfu_model_140_1kfu,0.9976455479452054
random_1kfu_model_141_1kfu,0.9860159817351598
random_1kfu_model_142_1kfu,0.9871575342465754
random_1kfu_model_143_1kfu,0.981806506849315
random_1kfu_model_144_1kfu,0.9953624429223744
random_1kfu_model_145_1kfu,0.9957905251141552
random_1kfu_model_146_1kfu,0.9884417808219178
random_1kfu_model_147_1kfu,0.9921518264840182
random_1kfu_model_148_1kfu,0.9830907534246576
random_1kfu_model_149_1kfu,0.991795091324201
random_1kfu_model_15_1kfu,0.9934360730593608
random_1kfu_model_150_1kfu,0.983304794520548
random_1kfu_model_151_1kfu,0.9862300228310502
random_1kfu_model_152_1kfu,0.9837328767123288
random_1kfu_model_153_1kfu,0.9816638127853882
random_1kfu_model_154_1kfu,0.9945062785388128
random_1kfu_model_155_1kfu,0.997716894977169
random_1kfu_model_156_1kfu,0.9805222602739726
random_1kfu_model_157_1kfu,0.9835188356164384
random_1kfu_model_158_1kfu,0.9812357305936074
random_1kfu_model_159_1kfu,0.9992865296803652
random_1kfu_model_16_1kfu,0.9952197488584474
random_1kfu_model_160_1kfu,0.9953624429223744
random_1kfu_model_161_1kfu,0.986800799086758
random_1kfu_model_162_1kfu,0.9936501141552512
random_1kfu_model_163_1kfu,0.9956478310502284
random_1kfu_model_164_1kfu,0.9952197488584474
random_1kfu_model_165_1kfu,0.955693493150685
random_1kfu_model_166_1kfu,0.990296803652968
random_1kfu_model_167_1kfu,0.9882277397260274
random_1kfu_model_168_1kfu,0.9844463470319634
random_1kfu_model_169_1kfu,0.9920091324200914
random_1kfu_model_17_1kfu,0.9981449771689498
random_1kfu_model_170_1kfu,0.9955051369863014
random_1kfu_model_171_1kfu,0.9971461187214612
random_1kfu_model_172_1kfu,0.99650399543379
random_1kfu_model_173_1kfu,0.9879423515981736
random_1kfu_model_174_1kfu,0.9952197488584474
random_1kfu_model_175_1kfu,0.9921518264840182
random_1kfu_model_176_1kfu,0.9954337899543378
random_1kfu_model_177_1kfu,0.9970747716894978
random_1kfu_model_178_1kfu,0.9957191780821918
random_1kfu_model_179_1kfu,0.9919377853881278
random_1kfu_model_18_1kfu,0.9778824200913242
random_1kfu_model_180_1kfu,0.9900827625570776
random_1kfu_model_181_1kfu,0.9923658675799086
random_1kfu_model_182_1kfu,0.9987157534246576
random_1kfu_model_183_1kfu,0.9711044520547946
random_1kfu_model_184_1kfu,0.9934360730593608
random_1kfu_model_185_1kfu,0.9918664383561644
random_1kfu_model_186_1kfu,0.9933647260273972
random_1kfu_model_187_1kfu,0.9643264840182648
random_1kfu_model_188_1kfu,0.9808076484018264
random_1kfu_model_189_1kfu,0.9930793378995434
random_1kfu_model_19_1kfu,0.9950770547945206
random_1kfu_model_190_1kfu,0.9879423515981736
random_1kfu_model_191_1kfu,0.9966466894977168
random_1kfu_model_192_1kfu,0.9464183789954338
random_1kfu_model_193_1kfu,0.9936501141552512
random_1kfu_model_194_1kfu,0.9829480593607306
random_1kfu_model_195_1kfu,0.9948630136986302
random_1kfu_model_196_1kfu,0.996218607305936
random_1kfu_model_197_1kfu,0.9959332191780822
random_1kfu_model_198_1kfu,0.9855165525114156
random_1kfu_model_199_1kfu,0.9972174657534246
random_1kfu_model_2_1kfu,0.9576912100456622
random_1kfu_model_20_1kfu,0.980736301369863
random_1kfu_model_200_1kfu,0.9958618721461188
random_1kfu_model_201_1kfu,0.9871575342465754
random_1kfu_model_202_1kfu,0.9945062785388128
random_1kfu_model_203_1kfu,0.998929794520548
random_1kfu_model_204_1kfu,0.991795091324201
random_1kfu_model_205_1kfu,0.9955764840182648
random_1kfu_model_206_1kfu,0.976027397260274
random_1kfu_model_207_1kfu,0.9941495433789954
random_1kfu_model_208_1kfu,0.9850171232876712
random_1kfu_model_209_1kfu,0.9940068493150684
random_1kfu_model_21_1kfu,0.9931506849315068
random_1kfu_model_210_1kfu,0.9744577625570776
random_1kfu_model_211_1kfu,0.9960045662100456
random_1kfu_model_212_1kfu,0.9747431506849316
random_1kfu_model_213_1kfu,0.9663955479452054
random_1kfu_model_214_1kfu,0.989226598173516
random_1kfu_model_215_1kfu,0.9844463470319634
random_1kfu_model_216_1kfu,0.9882990867579908
random_1kfu_model_217_1kfu,0.9621147260273972
random_1kfu_model_218_1kfu,0.9886558219178082
random_1kfu_model_219_1kfu,0.9926512557077626
random_1kfu_model_22_1kfu,0.991509703196347
random_1kfu_model_220_1kfu,0.9930793378995434
random_1kfu_model_221_1kfu,0.9921518264840182
random_1kfu_model_222_1kfu,0.998644406392694
random_1kfu_model_223_1kfu,0.9960045662100456
random_1kfu_model_224_1kfu,0.9876569634703196
random_1kfu_model_225_1kfu,0.9907248858447488
random_1kfu_model_226_1kfu,0.9898687214611872
random_1kfu_model_227_1kfu,0.993935502283105
random_1kfu_model_228_1kfu,0.9923658675799086
random_1kfu_model_229_1kfu,0.9914383561643836
random_1kfu_model_23_1kfu,0.99650399543379
random_1kfu_model_230_1kfu,0.9922945205479452
random_1kfu_model_231_1kfu,0.9859446347031964
random_1kfu_model_232_1kfu,0.9958618721461188
random_1kfu_model_233_1kfu,0.9907248858447488
random_1kfu_model_234_1kfu,0.9918664383561644
random_1kfu_model_235_1kfu,0.9879423515981736
random_1kfu_model_236_1kfu,0.9934360730593608
random_1kfu_model_237_1kfu,0.99300799086758
random_1kfu_model_238_1kfu,0.9920804794520548
random_1kfu_model_239_1kfu,0.994220890410959
random_1kfu_model_24_1kfu,0.9885844748858448
random_1kfu_model_240_1kfu,0.9855165525114156
random_1kfu_model_241_1kfu,0.9931506849315068
random_1kfu_model_242_1kfu,0.9932220319634704
random_1kfu_model_243_1kfu,0.9850171232876712
random_1kfu_model_244_1kfu,0.9835901826484018
random_1kfu_model_245_1kfu,0.9827340182648402
random_1kfu_model_246_1kfu,0.9743150684931506
random_1kfu_model_247_1kfu,0.9946489726027398
random_1kfu_model_248_1kfu,0.9920091324200914
random_1kfu_model_249_1kfu,0.9867294520547946
random_1kfu_model_25_1kfu,0.9921518264840182
random_1kfu_model_250_1kfu,0.9975028538812786
random_1kfu_model_251_1kfu,0.9948630136986302
random_1kfu_model_252_1kfu,0.996361301369863
random_1kfu_model_253_1kfu,0.992722602739726
random_1kfu_model_254_1kfu,0.9850884703196348
random_1kfu_model_255_1kfu,0.993935502283105
random_1kfu_model_256_1kfu,0.9925085616438356
random_1kfu_model_257_1kfu,0.9883704337899544
random_1kfu_model_258_1kfu,0.9919377853881278
random_1kfu_model_259_1kfu,0.9800228310502284
random_1kfu_model_26_1kfu,0.9957191780821918
random_1kfu_model_260_1kfu,0.9766695205479452
random_1kfu_model_261_1kfu,0.9946489726027398
random_1kfu_model_262_1kfu,0.9957191780821918
random_1kfu_model_263_1kfu,0.9885844748858448
random_1kfu_model_264_1kfu,0.9824486301369864
random_1kfu_model_265_1kfu,0.9833761415525114
random_1kfu_model_266_1kfu,0.98787100456621
random_1kfu_model_267_1kfu,0.9678224885844748
random_1kfu_model_268_1kfu,0.992579908675799
random_1kfu_model_269_1kfu,0.9836615296803652
random_1kfu_model_27_1kfu,0.9932220319634704
random_1kfu_model_270_1kfu,0.9972888127853882
random_1kfu_model_271_1kfu,0.9895833333333334
random_1kfu_model_272_1kfu,0.9764554794520548
random_1kfu_model_273_1kfu,0.992722602739726
random_1kfu_model_274_1kfu,0.9900827625570776
random_1kfu_model_275_1kfu,0.9940068493150684
random_1kfu_model_276_1kfu,0.998929794520548
random_1kfu_model_277_1kfu,0.9962899543378996
random_1kfu_model_278_1kfu,0.9836615296803652
random_1kfu_model_279_1kfu,0.9894406392694064
random_1kfu_model_28_1kfu,0.9874429223744292
random_1kfu_model_280_1kfu,0.9907962328767124
random_1kfu_model_281_1kfu,0.9897973744292238
random_1kfu_model_282_1kfu,0.9982163242009132
random_1kfu_model_283_1kfu,0.9875856164383562
random_1kfu_model_284_1kfu,0.9920804794520548
random_1kfu_model_285_1kfu,0.9973601598173516
random_1kfu_model_286_1kfu,0.9850884703196348
random_1kfu_model_287_1kfu,0.9859446347031964
random_1kfu_model_288_1kfu,0.986658105022831
random_1kfu_model_289_1kfu,0.995291095890411
random_1kfu_model_29_1kfu,0.9959332191780822
random_1kfu_model_290_1kfu,0.9945776255707762
random_1kfu_model_291_1kfu,0.9929366438356164
random_1kfu_model_292_1kfu,0.996218607305936
random_1kfu_model_293_1kfu,0.9952197488584474
random_1kfu_model_294_1kfu,0.9609731735159818
random_1kfu_model_295_1kfu,0.9934360730593608
random_1kfu_model_296_1kfu,0.9925085616438356
random_1kfu_model_297_1kfu,0.9892979452054794
random_1kfu_model_298_1kfu,0.99300799086758
random_1kfu_model_299_1kfu,0.9907962328767124
random_1kfu_model_3_1kfu,0.9937214611872146
random_1kfu_model_30_1kfu,0.9888698630136986
random_1kfu_model_300_1kfu,0.9855165525114156
random_1kfu_model_301_1kfu,0.9838042237442922
random_1kfu_model_302_1kfu,0.9922231735159818
random_1kfu_model_303_1kfu,0.9899400684931506
random_1kfu_model_304_1kfu,0.9942922374429224
random_1kfu_model_305_1kfu,0.9767408675799086
random_1kfu_model_306_1kfu,0.990582191780822
random_1kfu_model_307_1kfu,0.9887271689497716
random_1kfu_model_308_1kfu,0.9924372146118722
random_1kfu_model_309_1kfu,0.9936501141552512
random_1kfu_model_31_1kfu,0.9929366438356164
random_1kfu_model_310_1kfu,0.9641837899543378
random_1kfu_model_311_1kfu,0.992579908675799
random_1kfu_model_312_1kfu,0.9960045662100456
random_1kfu_model_313_1kfu,0.9912243150684932
random_1kfu_model_314_1kfu,0.9910816210045662
random_1kfu_model_315_1kfu,0.996361301369863
random_1kfu_model_316_1kfu,0.9863013698630136
random_1kfu_model_317_1kfu,0.9953624429223744
random_1kfu_model_318_1kfu,0.9945776255707762
random_1kfu_model_319_1kfu,0.993935502283105
random_1kfu_model_32_1kfu,0.9818778538812786
random_1kfu_model_320_1kfu,0.9746004566210046
random_1kfu_model_321_1kfu,0.993935502283105
random_1kfu_model_322_1kfu,0.9780251141552512
random_1kfu_model_323_1kfu,0.99300799086758
random_1kfu_model_324_1kfu,0.9954337899543378
random_1kfu_model_325_1kfu,0.9876569634703196
random_1kfu_model_326_1kfu,0.9838755707762558
random_1kfu_model_327_1kfu,0.985730593607306
random_1kfu_model_328_1kfu,0.9830907534246576
random_1kfu_model_329_1kfu,0.9969320776255708
random_1kfu_model_33_1kfu,0.9864440639269406
random_1kfu_model_330_1kfu,0.9914383561643836
random_1kfu_model_331_1kfu,0.9967893835616438
random_1kfu_model_332_1kfu,0.9902254566210046
random_1kfu_model_333_1kfu,0.9936501141552512
random_1kfu_model_334_1kfu,0.9875856164383562
random_1kfu_model_335_1kfu,0.9891552511415526
random_1kfu_model_336_1kfu,0.9850884703196348
random_1kfu_model_337_1kfu,0.9805222602739726
random_1kfu_model_338_1kfu,0.9965753424657534
random_1kfu_model_339_1kfu,0.973601598173516
random_1kfu_model_34_1kfu,0.9979309360730594
random_1kfu_model_340_1kfu,0.9959332191780822
random_1kfu_model_341_1kfu,0.9961472602739726
random_1kfu_model_342_1kfu,0.9908675799086758
random_1kfu_model_343_1kfu,0.9933647260273972
random_1kfu_model_344_1kfu,0.995148401826484
random_1kfu_model_345_1kfu,0.995148401826484
random_1kfu_model_346_1kfu,0.9947916666666666
random_1kfu_model_347_1kfu,0.9795947488584474
random_1kfu_model_348_1kfu,0.9882990867579908
random_1kfu_model_349_1kfu,0.9859446347031964
random_1kfu_model_35_1kfu,0.995291095890411
random_1kfu_model_350_1kfu,0.9792380136986302
random_1kfu_model_351_1kfu,0.9930793378995434
random_1kfu_model_352_1kfu,0.9897260273972602
random_1kfu_model_353_1kfu,0.9975028538812786
random_1kfu_model_354_1kfu,0.9868721461187214
random_1kfu_model_355_1kfu,0.9816638127853882
random_1kfu_model_356_1kfu,0.9903681506849316
random_1kfu_model_357_1kfu,0.9967893835616438
random_1kfu_model_358_1kfu,0.9953624429223744
random_1kfu_model_359_1kfu,0.9935074200913242
random_1kfu_model_36_1kfu,0.9696061643835616
random_1kfu_model_360_1kfu,0.9960759132420092
random_1kfu_model_361_1kfu,0.9872288812785388
random_1kfu_model_362_1kfu,0.9541238584474886
random_1kfu_model_363_1kfu,0.98787100456621
random_1kfu_model_364_1kfu,0.9932220319634704
random_1kfu_model_365_1kfu,0.99650399543379
random_1kfu_model_366_1kfu,0.9682505707762558
random_1kfu_model_367_1kfu,0.983162100456621
random_1kfu_model_368_1kfu,0.989369292237443
random_1kfu_model_369_1kfu,0.9931506849315068
random_1kfu_model_37_1kfu,0.9897260273972602
random_1kfu_model_370_1kfu,0.9935074200913242
random_1kfu_model_371_1kfu,0.9919377853881278
random_1kfu_model_372_1kfu,0.9917237442922374
random_1kfu_model_373_1kfu,0.9918664383561644
random_1kfu_model_374_1kfu,0.9902254566210046
random_1kfu_model_375_1kfu,0.989083904109589
random_1kfu_model_376_1kfu,0.9908675799086758
random_1kfu_model_377_1kfu,0.9803082191780822
random_1kfu_model_378_1kfu,0.9777397260273972
random_1kfu_model_379_1kfu,0.9765268264840182
random_1kfu_model_38_1kfu,0.9955051369863014
random_1kfu_model_380_1kfu,0.996218607305936
random_1kfu_model_381_1kfu,0.9886558219178082
random_1kfu_model_382_1kfu,0.9912956621004566
random_1kfu_model_383_1kfu,0.9922945205479452
random_1kfu_model_384_1kfu,0.9852311643835616
random_1kfu_model_385_1kfu,0.9823059360730594
random_1kfu_model_386_1kfu,0.9828767123287672
random_1kfu_model_387_1kfu,0.993935502283105
random_1kfu_model_388_1kfu,0.990154109589041
random_1kfu_model_389_1kfu,0.9970747716894978
random_1kfu_model_39_1kfu,0.9946489726027398
random_1kfu_model_390_1kfu,0.9677511415525114
random_1kfu_model_391_1kfu,0.990154109589041
random_1kfu_model_392_1kfu,0.9900114155251142
random_1kfu_model_393_1kfu,0.9849457762557078
random_1kfu_model_394_1kfu,0.9803795662100456
random_1kfu_model_395_1kfu,0.9957191780821918
random_1kfu_model_396_1kfu,0.9969320776255708
random_1kfu_model_397_1kfu,0.9935074200913242
random_1kfu_model_398_1kfu,0.99300799086758
random_1kfu_model_399_1kfu,0.9926512557077626
random_1kfu_model_4_1kfu,0.9674657534246576
random_1kfu_model_40_1kfu,0.9978595890410958
random_1kfu_model_400_1kfu,0.9950770547945206
random_1kfu_model_401_1kfu,0.9945062785388128
random_1kfu_model_402_1kfu,0.9946489726027398
random_1kfu_model_403_1kfu,0.9786672374429224
random_1kfu_model_404_1kfu,0.978453196347032
random_1kfu_model_405_1kfu,0.988156392694064
random_1kfu_model_406_1kfu,0.9949343607305936
random_1kfu_model_407_1kfu,0.990154109589041
random_1kfu_model_408_1kfu,0.986800799086758
random_1kfu_model_409_1kfu,0.9847317351598174
random_1kfu_model_41_1kfu,0.9924372146118722
random_1kfu_model_410_1kfu,0.9943635844748858
random_1kfu_model_411_1kfu,0.9870148401826484
random_1kfu_model_412_1kfu,0.9832334474885844
random_1kfu_model_413_1kfu,0.984517694063927
random_1kfu_model_414_1kfu,0.9945062785388128
random_1kfu_model_415_1kfu,0.9903681506849316
random_1kfu_model_416_1kfu,0.9935074200913242
random_1kfu_model_417_1kfu,0.9966466894977168
random_1kfu_model_418_1kfu,0.9972888127853882
random_1kfu_model_419_1kfu,0.9922945205479452
random_1kfu_model_42_1kfu,0.9910102739726028
random_1kfu_model_420_1kfu,0.9919377853881278
random_1kfu_model_421_1kfu,0.9809503424657534
random_1kfu_model_422_1kfu,0.9935787671232876
random_1kfu_model_423_1kfu,0.9856592465753424
random_1kfu_model_424_1kfu,0.9786672374429224
random_1kfu_model_425_1kfu,0.9870148401826484
random_1kfu_model_426_1kfu,0.9918664383561644
random_1kfu_model_427_1kfu,0.996361301369863
random_1kfu_model_428_1kfu,0.9965753424657534
random_1kfu_model_429_1kfu,0.9793093607305936
random_1kfu_model_43_1kfu,0.9849457762557078
random_1kfu_model_430_1kfu,0.991795091324201
random_1kfu_model_431_1kfu,0.9955051369863014
random_1kfu_model_432_1kfu,0.9942922374429224
random_1kfu_model_433_1kfu,0.9856592465753424
random_1kfu_model_434_1kfu,0.9949343607305936
random_1kfu_model_435_1kfu,0.9969320776255708
random_1kfu_model_436_1kfu,0.9798801369863014
random_1kfu_model_437_1kfu,0.9609018264840182
random_1kfu_model_438_1kfu,0.9908675799086758
random_1kfu_model_439_1kfu,0.9957191780821918
random_1kfu_model_44_1kfu,0.9889412100456622
random_1kfu_model_440_1kfu,0.995291095890411
random_1kfu_model_441_1kfu,0.992722602739726
random_1kfu_model_442_1kfu,0.9647545662100456
random_1kfu_model_443_1kfu,0.9851598173515982
random_1kfu_model_444_1kfu,0.9927939497716894
random_1kfu_model_445_1kfu,0.9903681506849316
random_1kfu_model_446_1kfu,0.9862300228310502
random_1kfu_model_447_1kfu,0.9873715753424658
random_1kfu_model_448_1kfu,0.9683219178082192
random_1kfu_model_449_1kfu,0.992579908675799
random_1kfu_model_45_1kfu,0.9731735159817352
random_1kfu_model_450_1kfu,0.9933647260273972
random_1kfu_model_451_1kfu,0.9971461187214612
random_1kfu_model_452_1kfu,0.993935502283105
random_1kfu_model_453_1kfu,0.9960045662100456
random_1kfu_model_454_1kfu,0.9956478310502284
random_1kfu_model_455_1kfu,0.9958618721461188
random_1kfu_model_456_1kfu,0.9924372146118722
random_1kfu_model_457_1kfu,0.9830907534246576
random_1kfu_model_458_1kfu,0.9825199771689498
random_1kfu_model_459_1kfu,0.9895833333333334
random_1kfu_model_46_1kfu,0.9765981735159818
random_1kfu_model_460_1kfu,0.9884417808219178
random_1kfu_model_461_1kfu,0.9992865296803652
random_1kfu_model_462_1kfu,0.991509703196347
random_1kfu_model_463_1kfu,0.9984303652968036
random_1kfu_model_464_1kfu,0.9905108447488584
random_1kfu_model_465_1kfu,0.9887985159817352
random_1kfu_model_466_1kfu,0.9957191780821918
random_1kfu_model_467_1kfu,0.991652397260274
random_1kfu_model_468_1kfu,0.9955764840182648
random_1kfu_model_469_1kfu,0.9980736301369864
random_1kfu_model_47_1kfu,0.9933647260273972
random_1kfu_model_470_1kfu,0.983019406392694
random_1kfu_model_471_1kfu,0.991795091324201
random_1kfu_model_472_1kfu,0.9960045662100456
random_1kfu_model_473_1kfu,0.9849457762557078
random_1kfu_model_474_1kfu,0.9945776255707762
random_1kfu_model_475_1kfu,0.9948630136986302
random_1kfu_model_476_1kfu,0.9949343607305936
random_1kfu_model_477_1kfu,0.9853738584474886
random_1kfu_model_478_1kfu,0.9899400684931506
random_1kfu_model_479_1kfu,0.9897260273972602
random_1kfu_model_48_1kfu,0.9817351598173516
random_1kfu_model_480_1kfu,0.9962899543378996
random_1kfu_model_481_1kfu,0.9914383561643836
random_1kfu_model_482_1kfu,0.9848744292237442
random_1kfu_model_483_1kfu,0.991795091324201
random_1kfu_model_484_1kfu,0.981949200913242
random_1kfu_model_485_1kfu,0.9942922374429224
random_1kfu_model_486_1kfu,0.989083904109589
random_1kfu_model_487_1kfu,0.9947916666666666
random_1kfu_model_488_1kfu,0.9936501141552512
random_1kfu_model_489_1kfu,0.9945062785388128
random_1kfu_model_49_1kfu,0.99136700913242
random_1kfu_model_490_1kfu,0.9897260273972602
random_1kfu_model_491_1kfu,0.9938641552511416
random_1kfu_model_492_1kfu,0.9945776255707762
random_1kfu_model_493_1kfu,0.9967180365296804
random_1kfu_model_494_1kfu,0.989083904109589
random_1kfu_model_495_1kfu,0.991509703196347
random_1kfu_model_496_1kfu,0.9968607305936074
random_1kfu_model_497_1kfu,0.9964326484018264
random_1kfu_model_498_1kfu,0.9811643835616438
random_1kfu_model_499_1kfu,0.9788812785388128
random_1kfu_model_5_1kfu,0.9967180365296804
random_1kfu_model_50_1kfu,0.9853738584474886
random_1kfu_model_500_1kfu,0.9910102739726028
random_1kfu_model_501_1kfu,0.9931506849315068
random_1kfu_model_502_1kfu,0.9972174657534246
random_1kfu_model_503_1kfu,0.9464897260273972
random_1kfu_model_504_1kfu,0.9641837899543378
random_1kfu_model_505_1kfu,0.9914383561643836
random_1kfu_model_506_1kfu,0.9837328767123288
random_1kfu_model_507_1kfu,0.9930793378995434
random_1kfu_model_508_1kfu,0.9873715753424658
random_1kfu_model_509_1kfu,0.9837328767123288
random_1kfu_model_51_1kfu,0.9941495433789954
random_1kfu_model_510_1kfu,0.9972888127853882
random_1kfu_model_511_1kfu,0.9890125570776256
random_1kfu_model_512_1kfu,0.9873715753424658
random_1kfu_model_513_1kfu,0.9920091324200914
random_1kfu_model_514_1kfu,0.9947203196347032
random_1kfu_model_515_1kfu,0.9896546803652968
random_1kfu_model_516_1kfu,0.9924372146118722
random_1kfu_model_517_1kfu,0.9920091324200914
random_1kfu_model_518_1kfu,0.9947203196347032
random_1kfu_model_519_1kfu,0.993935502283105
random_1kfu_model_52_1kfu,0.993935502283105
random_1kfu_model_520_1kfu,0.986800799086758
random_1kfu_model_521_1kfu,0.9983590182648402
random_1kfu_model_522_1kfu,0.9935787671232876
random_1kfu_model_523_1kfu,0.9898687214611872
random_1kfu_model_524_1kfu,0.9860159817351598
random_1kfu_model_525_1kfu,0.9935074200913242
random_1kfu_model_526_1kfu,0.993792808219178
random_1kfu_model_527_1kfu,0.9929366438356164
random_1kfu_model_528_1kfu,0.9852311643835616
random_1kfu_model_529_1kfu,0.9926512557077626
random_1kfu_model_53_1kfu,0.974529109589041
random_1kfu_model_530_1kfu,0.9887985159817352
random_1kfu_model_531_1kfu,0.9867294520547946
random_1kfu_model_532_1kfu,0.9834474885844748
random_1kfu_model_533_1kfu,0.9804509132420092
random_1kfu_model_534_1kfu,0.990582191780822
random_1kfu_model_535_1kfu,0.9840182648401826
random_1kfu_model_536_1kfu,0.9914383561643836
random_1kfu_model_537_1kfu,0.9903681506849316
random_1kfu_model_538_1kfu,0.9952197488584474
random_1kfu_model_539_1kfu,0.9906535388127854
random_1kfu_model_54_1kfu,0.9900114155251142
random_1kfu_model_540_1kfu,0.9863013698630136
random_1kfu_model_541_1kfu,0.9953624429223744
random_1kfu_model_542_1kfu,0.9966466894977168
random_1kfu_model_543_1kfu,0.9953624429223744
random_1kfu_model_544_1kfu,0.9945776255707762
random_1kfu_model_545_1kfu,0.9964326484018264
random_1kfu_model_546_1kfu,0.9946489726027398
random_1kfu_model_547_1kfu,0.9930793378995434
random_1kfu_model_548_1kfu,0.9895119863013698
random_1kfu_model_549_1kfu,0.9917237442922374
random_1kfu_model_55_1kfu,0.9945062785388128
random_1kfu_model_550_1kfu,0.9780964611872146
random_1kfu_model_551_1kfu,0.9950770547945206
random_1kfu_model_552_1kfu,0.9936501141552512
random_1kfu_model_553_1kfu,0.9960759132420092
random_1kfu_model_554_1kfu,0.9765981735159818
random_1kfu_model_555_1kfu,0.9885844748858448
random_1kfu_model_556_1kfu,0.9917237442922374
random_1kfu_model_557_1kfu,0.9874429223744292
random_1kfu_model_558_1kfu,0.9867294520547946
random_1kfu_model_559_1kfu,0.9935787671232876
random_1kfu_model_56_1kfu,0.9809503424657534
random_1kfu_model_560_1kfu,0.9892979452054794
random_1kfu_model_561_1kfu,0.9754566210045662
random_1kfu_model_562_1kfu,0.9957905251141552
random_1kfu_model_563_1kfu,0.977097602739726
random_1kfu_model_564_1kfu,0.9752425799086758
random_1kfu_model_565_1kfu,0.981806506849315
random_1kfu_model_566_1kfu,0.973744292237443
random_1kfu_model_567_1kfu,0.983162100456621
random_1kfu_model_568_1kfu,0.9859446347031964
random_1kfu_model_569_1kfu,0.9937214611872146
random_1kfu_model_57_1kfu,0.9933647260273972
random_1kfu_model_570_1kfu,0.9902254566210046
random_1kfu_model_571_1kfu,0.9945776255707762
random_1kfu_model_572_1kfu,0.9950770547945206
random_1kfu_model_573_1kfu,0.993935502283105
random_1kfu_model_574_1kfu,0.9943635844748858
random_1kfu_model_575_1kfu,0.9948630136986302
random_1kfu_model_576_1kfu,0.9840182648401826
random_1kfu_model_577_1kfu,0.9954337899543378
random_1kfu_model_578_1kfu,0.9822345890410958
random_1kfu_model_579_1kfu,0.9818778538812786
random_1kfu_model_58_1kfu,0.9993578767123288
random_1kfu_model_580_1kfu,0.994078196347032
random_1kfu_model_581_1kfu,0.9765981735159818
random_1kfu_model_582_1kfu,0.993935502283105
random_1kfu_model_583_1kfu,0.9682505707762558
random_1kfu_model_584_1kfu,0.996218607305936
random_1kfu_model_585_1kfu,0.9829480593607306
random_1kfu_model_586_1kfu,0.9927939497716894
random_1kfu_model_587_1kfu,0.991795091324201
random_1kfu_model_588_1kfu,0.9988584474885844
random_1kfu_model_589_1kfu,0.9922231735159818
random_1kfu_model_59_1kfu,0.9912956621004566
random_1kfu_model_590_1kfu,0.9932220319634704
random_1kfu_model_591_1kfu,0.9920091324200914
random_1kfu_model_592_1kfu,0.994220890410959
random_1kfu_model_593_1kfu,0.9955051369863014
random_1kfu_model_594_1kfu,0.9910816210045662
random_1kfu_model_595_1kfu,0.992722602739726
random_1kfu_model_596_1kfu,0.9856592465753424
random_1kfu_model_597_1kfu,0.9919377853881278
random_1kfu_model_598_1kfu,0.986658105022831
random_1kfu_model_599_1kfu,0.9812357305936074
random_1kfu_model_6_1kfu,0.9940068493150684
random_1kfu_model_60_1kfu,0.9960045662100456
random_1kfu_model_600_1kfu,0.982091894977169
random_1kfu_model_601_1kfu,0.9898687214611872
random_1kfu_model_602_1kfu,0.982091894977169
random_1kfu_model_603_1kfu,0.9874429223744292
random_1kfu_model_604_1kfu,0.9799514840182648
random_1kfu_model_605_1kfu,0.9821632420091324
random_1kfu_model_606_1kfu,0.9919377853881278
random_1kfu_model_607_1kfu,0.9945062785388128
random_1kfu_model_608_1kfu,0.9880850456621004
random_1kfu_model_609_1kfu,0.992865296803653
random_1kfu_model_61_1kfu,0.982091894977169
random_1kfu_model_610_1kfu,0.9957905251141552
random_1kfu_model_611_1kfu,0.9976455479452054
random_1kfu_model_612_1kfu,0.9934360730593608
random_1kfu_model_613_1kfu,0.9945062785388128
random_1kfu_model_614_1kfu,0.9947916666666666
random_1kfu_model_615_1kfu,0.9870148401826484
random_1kfu_model_616_1kfu,0.9922231735159818
random_1kfu_model_617_1kfu,0.9922231735159818
random_1kfu_model_618_1kfu,0.9955051369863014
random_1kfu_model_619_1kfu,0.9932220319634704
random_1kfu_model_62_1kfu,0.989369292237443
random_1kfu_model_620_1kfu,0.9840896118721462
random_1kfu_model_621_1kfu,0.9932220319634704
random_1kfu_model_622_1kfu,0.9862300228310502
random_1kfu_model_623_1kfu,0.9977882420091324
random_1kfu_model_624_1kfu,0.9982163242009132
random_1kfu_model_625_1kfu,0.9818778538812786
random_1kfu_model_626_1kfu,0.994220890410959
random_1kfu_model_627_1kfu,0.9942922374429224
random_1kfu_model_628_1kfu,0.9774543378995434
random_1kfu_model_629_1kfu,0.991652397260274
random_1kfu_model_63_1kfu,0.9945062785388128
random_1kfu_model_630_1kfu,0.9845890410958904
random_1kfu_model_631_1kfu,0.9961472602739726
random_1kfu_model_632_1kfu,0.9922945205479452
random_1kfu_model_633_1kfu,0.9887985159817352
random_1kfu_model_634_1kfu,0.9855165525114156
random_1kfu_model_635_1kfu,0.9932220319634704
random_1kfu_model_636_1kfu,0.9920091324200914
random_1kfu_model_637_1kfu,0.9908675799086758
random_1kfu_model_638_1kfu,0.9997859589041096
random_1kfu_model_639_1kfu,0.9967180365296804
random_1kfu_model_64_1kfu,0.9965753424657534
random_1kfu_model_640_1kfu,0.9956478310502284
random_1kfu_model_641_1kfu,0.985730593607306
random_1kfu_model_642_1kfu,0.9812357305936074
random_1kfu_model_643_1kfu,0.9907248858447488
random_1kfu_model_644_1kfu,0.990439497716895
random_1kfu_model_645_1kfu,0.9800941780821918
random_1kfu_model_646_1kfu,0.994220890410959
random_1kfu_model_647_1kfu,0.986943493150685
random_1kfu_model_648_1kfu,0.9970034246575342
random_1kfu_model_649_1kfu,0.9945062785388128
random_1kfu_model_65_1kfu,0.995005707762557
random_1kfu_model_650_1kfu,0.9924372146118722
random_1kfu_model_651_1kfu,0.9950770547945206
random_1kfu_model_652_1kfu,0.9935074200913242
random_1kfu_model_653_1kfu,0.9848030821917808
random_1kfu_model_654_1kfu,0.9889412100456622
random_1kfu_model_655_1kfu,0.9873715753424658
random_1kfu_model_656_1kfu,0.9889412100456622
random_1kfu_model_657_1kfu,0.9926512557077626
random_1kfu_model_658_1kfu,0.9934360730593608
random_1kfu_model_659_1kfu,0.9810216894977168
random_1kfu_model_66_1kfu,0.9892979452054794
random_1kfu_model_660_1kfu,0.9706763698630136
random_1kfu_model_661_1kfu,0.9961472602739726
random_1kfu_model_662_1kfu,0.9929366438356164
random_1kfu_model_663_1kfu,0.9915810502283106
random_1kfu_model_664_1kfu,0.992865296803653
random_1kfu_model_665_1kfu,0.9924372146118722
random_1kfu_model_666_1kfu,0.9950770547945206
random_1kfu_model_667_1kfu,0.9870861872146118
random_1kfu_model_668_1kfu,0.9954337899543378
random_1kfu_model_669_1kfu,0.9905108447488584
random_1kfu_model_67_1kfu,0.98087899543379
random_1kfu_model_670_1kfu,0.9988584474885844
random_1kfu_model_671_1kfu,0.9843036529680366
random_1kfu_model_672_1kfu,0.979666095890411
random_1kfu_model_673_1kfu,0.9906535388127854
random_1kfu_model_674_1kfu,0.9889412100456622
random_1kfu_model_675_1kfu,0.9934360730593608
random_1kfu_model_676_1kfu,0.9944349315068494
random_1kfu_model_677_1kfu,0.9806649543378996
random_1kfu_model_678_1kfu,0.9871575342465754
random_1kfu_model_679_1kfu,0.9968607305936074
random_1kfu_model_68_1kfu,0.9911529680365296
random_1kfu_model_680_1kfu,0.995005707762557
random_1kfu_model_681_1kfu,0.9973601598173516
random_1kfu_model_682_1kfu,0.9900114155251142
random_1kfu_model_683_1kfu,0.9962899543378996
random_1kfu_model_684_1kfu,0.984375
random_1kfu_model_685_1kfu,0.9964326484018264
random_1kfu_model_686_1kfu,0.9946489726027398
random_1kfu_model_687_1kfu,0.9900827625570776
random_1kfu_model_688_1kfu,0.9975028538812786
random_1kfu_model_689_1kfu,0.9759560502283106
random_1kfu_model_69_1kfu,0.9944349315068494
random_1kfu_model_690_1kfu,0.9945776255707762
random_1kfu_model_691_1kfu,0.9942922374429224
random_1kfu_model_692_1kfu,0.9694634703196348
random_1kfu_model_693_1kfu,0.9931506849315068
random_1kfu_model_694_1kfu,0.9885131278538812
random_1kfu_model_695_1kfu,0.9977882420091324
random_1kfu_model_696_1kfu,0.992865296803653
random_1kfu_model_697_1kfu,0.9853025114155252
random_1kfu_model_698_1kfu,0.9886558219178082
random_1kfu_model_699_1kfu,0.9896546803652968
random_1kfu_model_7_1kfu,0.9915810502283106
random_1kfu_model_70_1kfu,0.9887271689497716
random_1kfu_model_700_1kfu,0.9903681506849316
random_1kfu_model_701_1kfu,0.9903681506849316
random_1kfu_model_702_1kfu,0.9809503424657534
random_1kfu_model_703_1kfu,0.9870861872146118
random_1kfu_model_704_1kfu,0.9849457762557078
random_1kfu_model_705_1kfu,0.9833761415525114
random_1kfu_model_706_1kfu,0.9947203196347032
random_1kfu_model_707_1kfu,0.99300799086758
random_1kfu_model_708_1kfu,0.9935787671232876
random_1kfu_model_709_1kfu,0.9964326484018264
random_1kfu_model_71_1kfu,0.9915810502283106
random_1kfu_model_710_1kfu,0.9955051369863014
random_1kfu_model_711_1kfu,0.9920804794520548
random_1kfu_model_712_1kfu,0.9938641552511416
random_1kfu_model_713_1kfu,0.995148401826484
random_1kfu_model_714_1kfu,0.9775970319634704
random_1kfu_model_715_1kfu,0.9813784246575342
random_1kfu_model_716_1kfu,0.9877996575342466
random_1kfu_model_717_1kfu,0.9922945205479452
random_1kfu_model_718_1kfu,0.986800799086758
random_1kfu_model_719_1kfu,0.9961472602739726
random_1kfu_model_72_1kfu,0.996218607305936
random_1kfu_model_720_1kfu,0.9955764840182648
random_1kfu_model_721_1kfu,0.9967893835616438
random_1kfu_model_722_1kfu,0.9969320776255708
random_1kfu_model_723_1kfu,0.990296803652968
random_1kfu_model_724_1kfu,0.9907962328767124
random_1kfu_model_725_1kfu,0.9891552511415526
random_1kfu_model_726_1kfu,0.9970747716894978
random_1kfu_model_727_1kfu,0.9908675799086758
random_1kfu_model_728_1kfu,0.991652397260274
random_1kfu_model_729_1kfu,0.9931506849315068
random_1kfu_model_73_1kfu,0.9712471461187214
random_1kfu_model_730_1kfu,0.9937214611872146
random_1kfu_model_731_1kfu,0.9865867579908676
random_1kfu_model_732_1kfu,0.9911529680365296
random_1kfu_model_733_1kfu,0.9950770547945206
random_1kfu_model_734_1kfu,0.9943635844748858
random_1kfu_model_735_1kfu,0.9810216894977168
random_1kfu_model_736_1kfu,0.9929366438356164
random_1kfu_model_737_1kfu,0.997574200913242
random_1kfu_model_738_1kfu,0.9991438356164384
random_1kfu_model_739_1kfu,0.991652397260274
random_1kfu_model_74_1kfu,0.9969320776255708
random_1kfu_model_740_1kfu,0.9897260273972602
random_1kfu_model_741_1kfu,0.9960045662100456
random_1kfu_model_742_1kfu,0.991795091324201
random_1kfu_model_743_1kfu,0.9912956621004566
random_1kfu_model_744_1kfu,0.9930793378995434
random_1kfu_model_745_1kfu,0.9698915525114156
random_1kfu_model_746_1kfu,0.9848030821917808
random_1kfu_model_747_1kfu,0.9959332191780822
random_1kfu_model_748_1kfu,0.9887985159817352
random_1kfu_model_749_1kfu,0.9902254566210046
random_1kfu_model_75_1kfu,0.989369292237443
random_1kfu_model_750_1kfu,0.9985730593607306
random_1kfu_model_751_1kfu,0.986658105022831
random_1kfu_model_752_1kfu,0.9909389269406392
random_1kfu_model_753_1kfu,0.9887271689497716
random_1kfu_model_754_1kfu,0.9929366438356164
random_1kfu_model_755_1kfu,0.9874429223744292
random_1kfu_model_756_1kfu,0.994220890410959
random_1kfu_model_757_1kfu,0.9898687214611872
random_1kfu_model_758_1kfu,0.9950770547945206
random_1kfu_model_759_1kfu,0.9910102739726028
random_1kfu_model_76_1kfu,0.9958618721461188
random_1kfu_model_760_1kfu,0.9897973744292238
random_1kfu_model_761_1kfu,0.992579908675799
random_1kfu_model_762_1kfu,0.997431506849315
random_1kfu_model_763_1kfu,0.994078196347032
random_1kfu_model_764_1kfu,0.9932220319634704
random_1kfu_model_765_1kfu,0.9932933789954338
random_1kfu_model_766_1kfu,0.9923658675799086
random_1kfu_model_767_1kfu,0.994220890410959
random_1kfu_model_768_1kfu,0.9906535388127854
random_1kfu_model_769_1kfu,0.9941495433789954
random_1kfu_model_77_1kfu,0.9900114155251142
random_1kfu_model_770_1kfu,0.9733875570776256
random_1kfu_model_771_1kfu,0.9870861872146118
random_1kfu_model_772_1kfu,0.9861586757990868
random_1kfu_model_773_1kfu,0.9809503424657534
random_1kfu_model_774_1kfu,0.9982163242009132
random_1kfu_model_775_1kfu,0.9871575342465754
random_1kfu_model_776_1kfu,0.9964326484018264
random_1kfu_model_777_1kfu,0.995291095890411
random_1kfu_model_778_1kfu,0.9957905251141552
random_1kfu_model_779_1kfu,0.9906535388127854
random_1kfu_model_78_1kfu,0.9903681506849316
random_1kfu_model_780_1kfu,0.9912956621004566
random_1kfu_model_781_1kfu,0.9958618721461188
random_1kfu_model_782_1kfu,0.994220890410959
random_1kfu_model_783_1kfu,0.9929366438356164
random_1kfu_model_784_1kfu,0.9952197488584474
random_1kfu_model_785_1kfu,0.9931506849315068
random_1kfu_model_786_1kfu,0.974957191780822
