AA,ALA,CYS,ASP,GLU,PHE,GLY,HIS,ILE,LYS,LEU,MET,ASN,PRO,GLN,ARG,SER,THR,VAL,TRP,TYR
ALA,0.047205575229274495,0.008597793516752928,0.029181421955870333,0.04985017706347045,0.0829417506583129,0.03821619903750113,0.025833106328884047,0.06391877780804504,0.045656269862889315,0.11005743212566967,0.026133887224189595,0.039714428402796695,0.03320507581948606,0.043743757377644604,0.08193725597021702,0.04322732225551621,0.04170071733405975,0.07038840461273041,0.045111459184600015,0.07337918823208935
CYS,0.025119795725489547,0.111422460247716,0.024854504153471173,0.024191275223425245,0.06287410256835403,0.039462121337732754,0.041385485234865946,0.044054981678300804,0.05484903251479829,0.10488965528676361,0.02296430170284028,0.028850458456997893,0.03370861036958432,0.03745585382434382,0.10256835403160286,0.03661023693853526,0.04012535026777868,0.07816152940591269,0.04647576727296845,0.03997612375851835
ASP,0.025650874733738734,0.007477763754545772,0.0217698205636009,0.027731079860920577,0.04619352392734746,0.03311367298377241,0.040087598086410825,0.03008565257082425,0.11857668075086925,0.058964087777672466,0.014541481884256788,0.048652855168835836,0.03173185806715521,0.04385890522345993,0.20927761509720094,0.05668933109183332,0.049351245379400485,0.03397668374397015,0.03362250013718379,0.06864676919700091
GLU,0.030894983785761013,0.0051315780217925,0.019552050872614468,0.03147180269979389,0.053032168206022835,0.027187867106549708,0.032175240399833986,0.04376437650799457,0.1077877587771439,0.07491259786577002,0.017979867613024853,0.035572844491027655,0.03254806238085524,0.041682200915875885,0.19316750961951054,0.056714664565732736,0.04521697535857737,0.04005022545178286,0.028046061100598624,0.08311116425973733
PHE,0.04153026893086908,0.010775421128009275,0.026313396530950918,0.04284593875741663,0.09645024892586783,0.029950669485553208,0.027768305712791836,0.06673259223896884,0.04747209529655141,0.12637818545545476,0.030416695082861624,0.03442337857191571,0.04163256723271727,0.04524142399236172,0.07831503330378049,0.044778240014549095,0.03720816567778308,0.06364091022755688,0.03262463343108504,0.07550183000295528
GLY,0.04074372114692305,0.014400067765024777,0.04016287807740944,0.04676996799312669,0.06377172867368115,0.06123054024455914,0.033652595339944455,0.041070445373524445,0.06090381601795773,0.0729805115049281,0.0222474996520992,0.05394580008107601,0.036236136909551846,0.04595315742662318,0.10374704284322682,0.04408961924526704,0.04587450159429322,0.045584080059536417,0.04471281545526601,0.08192307459598129
HIS,0.03213577222571285,0.017621020974380334,0.056731780669118735,0.06458217142373049,0.06898742666732557,0.039266073180890794,0.029227174212313536,0.05612464613234121,0.04561980670530678,0.08286680456621649,0.023515873744255168,0.039922625645080444,0.04924849451813991,0.04331834322868499,0.07483286150978828,0.051521719179097626,0.047307075941235024,0.04392547776546252,0.03560208684847758,0.09764276486244167
ILE,0.04221403486415274,0.00995850933446274,0.022604354458466234,0.04663670743271353,0.08801868016956077,0.025441611352025998,0.029796819423778237,0.08727657070466667,0.04187296435250949,0.16013447923030505,0.02725190868305554,0.03408456299872192,0.02857871045362378,0.041119610804813966,0.061917415959851126,0.03624342689659567,0.038803329747720265,0.07093891839419506,0.030002960941804376,0.07710442379697684
LYS,0.030327133454465947,0.012470125229008497,0.08960546453855259,0.11552583366632237,0.06297639421880773,0.037945671268198165,0.024359718630548036,0.04211494530183885,0.028951197629620694,0.08263531292173376,0.02399782866017778,0.05406108401124875,0.024043064906474062,0.042605004636715245,0.05752919622729706,0.052157391979613534,0.04884760662560221,0.041579649720666176,0.04822183855183697,0.08004553782127159
LEU,0.03948729434761362,0.012880762339143183,0.024067437693435414,0.04336821957973611,0.0905562795243525,0.024560188955856002,0.023900472389640007,0.08699503176413097,0.04463471249389151,0.15291578432969538,0.03159920182440137,0.03141187489819189,0.028569392409187162,0.04103274148884183,0.07794225443883368,0.03420752565564424,0.03358853233425639,0.0726584134223815,0.03768732692620948,0.06793655318455774
MET,0.03791777483181964,0.011404151605226972,0.024002239660098644,0.042092435383335944,0.08813721211721985,0.030276581554093556,0.02742760216390689,0.059869737416321525,0.05241792716164253,0.12778413628990423,0.03753077474124515,0.03231862458521001,0.03596630628998658,0.042273584361902726,0.07866806096486534,0.04121139262394295,0.03860943456816554,0.06444786614737293,0.05373537427849185,0.07390878325524715
ASN,0.03553330422154746,0.008835088503214144,0.049522194351636524,0.05135522133419992,0.06151049547582537,0.04527221212336627,0.028714037635445968,0.04617603152197094,0.07281839323252531,0.07833270709142794,0.019929725502939952,0.06346030811101745,0.03450254389617248,0.05161925846188218,0.10719907383899828,0.04919214794203369,0.05478770399406932,0.04003209066628754,0.028653105990596218,0.07255435610484305
PRO,0.03222608379552878,0.011197338635499914,0.03503505708825133,0.05096909578598928,0.08069464257191798,0.03298615892179488,0.03842234841182853,0.041996904621587235,0.035128689531342086,0.07727981229449056,0.024058030083553186,0.03742543828245053,0.034621972780498014,0.04421103651114502,0.09977913759012122,0.04642516840070279,0.041699483920004846,0.04619384118836094,0.069987497314952,0.11966226226998089
GLN,0.035680725094548366,0.010457026205057701,0.04069861637665662,0.0548588833803182,0.07369912094321543,0.03515764233174557,0.028403856925291748,0.050785318501853936,0.05231753438227629,0.0932846357168317,0.023765547825040388,0.04705893244825878,0.03715739236299166,0.0594925634295713,0.09903391705666421,0.04825322760580853,0.044614793521180224,0.053729394936744015,0.03559740217657978,0.07595346877936554
ARG,0.031617350782221755,0.013546539128606717,0.09186944867819415,0.1202698796447154,0.060352831940575676,0.03754971006114118,0.02321262766945218,0.03617666123578774,0.03341961423240658,0.08382605420367548,0.02092202308999492,0.046232546731837215,0.03967169460941469,0.046850090222666035,0.06463621870675006,0.050502794274802476,0.040138137033338586,0.036178851106322595,0.04953268162786216,0.0734942450202344
SER,0.0352756474380349,0.010225630765810826,0.05262865399577637,0.07467767033455597,0.07297802971360824,0.03374736023118818,0.03379830313808307,0.044783446333963174,0.06407691452706457,0.07780371234856064,0.023179022637175355,0.04486680745433663,0.03903616020154867,0.04827535104294024,0.10680411989181579,0.049460931421584975,0.04606628135304361,0.045265088362787594,0.03485884183616761,0.06219202697195361
THR,0.03707272773138922,0.012209580989379683,0.04991296889584017,0.06486213768572942,0.06606291465906511,0.038253323579122624,0.03380843066522035,0.052233798340102416,0.06537675638858757,0.08322696198380465,0.023657324487273278,0.05443858631215156,0.038197825483716356,0.04862642213869479,0.09247496279104966,0.05018541409147095,0.042007012941146796,0.049009863525138114,0.032658106505890364,0.06572488080522691
VAL,0.048844554361866355,0.018564317444314925,0.026822563876374404,0.044843420182098866,0.08819822941936296,0.029669827667685326,0.02450300872688321,0.0745368765949403,0.04343750984531048,0.14052802369175516,0.0308236980561419,0.031048171135124918,0.03302904760404524,0.04570980750448946,0.06506174978734129,0.0384912258592987,0.038254938407737624,0.0742808985224158,0.03253284395576699,0.0708192873570461
TRP,0.04399685618136734,0.01551430216082182,0.037305171803046405,0.044135228480340065,0.06354609458023379,0.04090285157633723,0.027912460148777896,0.04430681013106624,0.07080233793836345,0.10244531526744598,0.03612070492383989,0.031233395324123274,0.07033187212185618,0.04256331916400992,0.12519372121856182,0.04166113177470776,0.03582735565001771,0.04572374247254694,0.027054551895147008,0.0534227771873893
TYR,0.0362366564748151,0.006756889308644951,0.03856555527841691,0.06622368078111994,0.07446310615126352,0.03794619711283809,0.03876173207294414,0.05765355738591619,0.05950882935701654,0.09350626784858515,0.025155470109662827,0.04004528881427943,0.060887671969979344,0.04598384063718223,0.09405556287326139,0.03763511676723063,0.03650850146151712,0.05039781851404486,0.02704997743966863,0.07265827964161302
